Id,Label,id,label
Sub-1,good,1,1
Sub-2,bad,2,0
Sub-3,good,3,1
Sub-4,bad,4,0
Sub-5,good,5,1
Sub-6,good,6,1
Sub-7,good,7,1
Sub-8,good,8,1
Sub-9,good,9,1
Sub-10,bad,10,0
Sub-11,good,11,1
Sub-12,good,12,1
Sub-13,good,13,1
Sub-14,bad,14,0
Sub-15,good,15,1
Sub-16,good,16,1
Sub-17,good,17,1
Sub-18,bad,18,0
Sub-19,good,19,1
Sub-20,good,20,1
Sub-21,good,21,1
Sub-22,bad,22,0
Sub-23,good,23,1
Sub-24,bad,24,0
Sub-25,good,25,1
Sub-26,bad,26,0
Sub-27,bad,27,0
Sub-28,good,28,1
Sub-29,good,29,1
Sub-30,good,30,1
Sub-31,good,31,1
Sub-32,good,32,1
Sub-33,bad,33,0
Sub-34,good,34,1
Sub-35,bad,35,0
Sub-36,good,36,1
Sub-37,good,37,1
Sub-38,good,38,1
Sub-39,bad,39,0
Sub-40,good,40,1
Sub-41,good,41,1
Sub-42,good,42,1
Sub-43,good,43,1
Sub-44,bad,44,0
Sub-45,good,45,1
Sub-46,good,46,1
Sub-47,good,47,1
Sub-48,good,48,1
Sub-49,good,49,1
Sub-50,good,50,1
Sub-51,good,51,1
Sub-52,good,52,1
Sub-53,good,53,1
Sub-54,good,54,1
Sub-55,good,55,1
Sub-56,good,56,1
Sub-57,bad,57,0
Sub-58,,58,0
Sub-59,good,59,1
Sub-60,good,60,1
Sub-61,bad,61,0
Sub-62,good,62,1
Sub-63,good,63,1
Sub-64,good,64,1
Sub-65,good,65,1
Sub-66,good,66,1
Sub-67,good,67,1
Sub-68,good,68,1
Sub-69,good,69,1
Sub-70,good,70,1
Sub-71,good,71,1
Sub-72,good,72,1
Sub-73,good,73,1
Sub-74,good,74,1
Sub-75,good,75,1
Sub-76,good,76,1
Sub-77,good,77,1
Sub-78,good,78,1
Sub-79,good,79,1
Sub-80,good,80,1
Sub-81,good,81,1
Sub-82,bad,82,0
Sub-83,bad,83,0
Sub-84,bad,84,0
Sub-85,good,85,1
Sub-86,good,86,1
Sub-87,good,87,1
Sub-88,good,88,1
Sub-89,good,89,1
Sub-90,good,90,1
Sub-91,good,91,1
Sub-92,good,92,1
Sub-93,good,93,1
Sub-94,,94,0
Sub-95,bad,95,0
Sub-96,good,96,1
Sub-97,bad,97,0
Sub-98,good,98,1
Sub-99,bad,99,0
Sub-100,good,100,1
Sub-101,good,101,1
Sub-102,good,102,1
Sub-103,bad,103,0
Sub-104,good,104,1
Sub-105,good,105,1
Sub-106,good,106,1
Sub-107,good,107,1
Sub-108,good,108,1
Sub-109,good,109,1
Sub-110,good,110,1
Sub-111,good,111,1
Sub-112,bad,112,0
Sub-113,good,113,1
Sub-114,,114,0
Sub-115,good,115,1
Sub-116,bad,116,0
Sub-117,bad,117,0
Sub-118,bad,118,0
Sub-119,good,119,1
Sub-120,good,120,1
Sub-121,good,121,1
Sub-122,good,122,1
Sub-123,good,123,1
Sub-124,good,124,1
Sub-125,bad,125,0
Sub-126,bad,126,0
Sub-127,good,127,1
Sub-128,good,128,1
Sub-129,good,129,1
Sub-130,bad,130,0
Sub-131,good,131,1
Sub-132,bad,132,0
Sub-133,bad,133,0
Sub-134,good,134,1
Sub-135,good,135,1
Sub-136,good,136,1
Sub-137,good,137,1
Sub-138,good,138,1
Sub-139,good,139,1
Sub-140,good,140,1
Sub-141,good,141,1
Sub-142,bad,142,0
Sub-143,bad,143,0
Sub-144,bad,144,0
Sub-145,good,145,1
Sub-146,good,146,1
Sub-147,good,147,1
Sub-148,bad,148,0
Sub-149,good,149,1
Sub-150,good,150,1
Sub-151,good,151,1
Sub-152,good,152,1
Sub-153,good,153,1
Sub-154,good,154,1
Sub-155,good,155,1
Sub-156,good,156,1
Sub-157,good,157,1
Sub-158,good,158,1
Sub-159,bad,159,0
Sub-160,good,160,1
Sub-161,good,161,1
Sub-162,good,162,1
Sub-163,good,163,1
Sub-164,good,164,1
Sub-165,good,165,1
Sub-166,good,166,1
Sub-167,good,167,1
Sub-168,good,168,1
Sub-169,good,169,1
Sub-170,bad,170,0
Sub-171,good,171,1
Sub-172,good,172,1
Sub-173,good,173,1
Sub-174,good,174,1
Sub-175,good,175,1
Sub-176,good,176,1
Sub-177,bad,177,0
Sub-178,good,178,1
Sub-179,good,179,1
Sub-180,bad,180,0
Sub-181,bad,181,0
Sub-182,good,182,1
Sub-183,good,183,1
Sub-184,good,184,1
Sub-185,bad,185,0
Sub-186,good,186,1
Sub-187,bad,187,0
Sub-188,good,188,1
Sub-189,good,189,1
Sub-190,good,190,1
Sub-191,bad,191,0
Sub-192,good,192,1
Sub-193,good,193,1
Sub-194,good,194,1
Sub-195,good,195,1
Sub-196,good,196,1
Sub-197,good,197,1
Sub-198,good,198,1
Sub-199,good,199,1
Sub-200,good,200,1
Sub-201,good,201,1
Sub-202,good,202,1
Sub-203,good,203,1
Sub-204,good,204,1
Sub-205,bad,205,0
Sub-206,good,206,1
Sub-207,good,207,1
Sub-208,bad,208,0
Sub-209,good,209,1
Sub-210,good,210,1
Sub-211,good,211,1
Sub-212,good,212,1
Sub-213,bad,213,0
Sub-214,bad,214,0
Sub-215,bad,215,0
Sub-216,good,216,1
Sub-217,good,217,1
Sub-218,bad,218,0
Sub-219,good,219,1
Sub-220,good,220,1
Sub-221,bad,221,0
Sub-222,bad,222,0
Sub-223,good,223,1
Sub-224,good,224,1
Sub-225,good,225,1
Sub-226,bad,226,0
Sub-227,bad,227,0
Sub-228,good,228,1
Sub-229,bad,229,0
Sub-230,good,230,1
Sub-231,good,231,1
Sub-232,good,232,1
Sub-233,good,233,1
Sub-234,bad,234,0
Sub-235,bad,235,0
Sub-236,good,236,1
Sub-237,bad,237,0
Sub-238,good,238,1
Sub-239,good,239,1
Sub-240,bad,240,0
Sub-241,good,241,1
Sub-242,bad,242,0
Sub-243,good,243,1
Sub-244,good,244,1
Sub-245,good,245,1
Sub-246,,246,0
Sub-247,,247,0
Sub-248,good,248,1
Sub-249,good,249,1
Sub-250,bad,250,0
Sub-251,good,251,1
Sub-252,bad,252,0
Sub-253,good,253,1
Sub-254,good,254,1
Sub-255,bad,255,0
Sub-256,good,256,1
Sub-257,good,257,1
Sub-258,good,258,1
Sub-259,good,259,1
Sub-260,good,260,1
Sub-261,good,261,1
Sub-262,good,262,1
Sub-263,bad,263,0
Sub-264,good,264,1
Sub-265,good,265,1
Sub-266,good,266,1
Sub-267,good,267,1
Sub-268,good,268,1
Sub-269,bad,269,0
Sub-270,bad,270,0
Sub-271,good,271,1
Sub-272,good,272,1
Sub-273,good,273,1
Sub-274,good,274,1
Sub-275,good,275,1
Sub-276,good,276,1
Sub-277,good,277,1
Sub-278,,278,0
Sub-279,good,279,1
Sub-280,good,280,1
Sub-281,good,281,1
Sub-282,good,282,1
Sub-283,bad,283,0
Sub-284,good,284,1
Sub-285,good,285,1
Sub-286,good,286,1
Sub-287,good,287,1
Sub-288,good,288,1
Sub-289,good,289,1
Sub-290,good,290,1
Sub-291,good,291,1
Sub-292,good,292,1
Sub-293,good,293,1
Sub-294,good,294,1
Sub-295,bad,295,0
Sub-296,good,296,1
Sub-297,good,297,1
Sub-298,good,298,1
Sub-299,good,299,1
Sub-300,good,300,1
Sub-301,bad,301,0
Sub-302,good,302,1
Sub-303,good,303,1
Sub-304,bad,304,0
Sub-305,bad,305,0
Sub-306,bad,306,0
Sub-307,bad,307,0
Sub-308,good,308,1
Sub-309,bad,309,0
Sub-310,good,310,1
Sub-311,bad,311,0
Sub-312,good,312,1
Sub-313,bad,313,0
Sub-314,good,314,1
Sub-315,bad,315,0
Sub-316,,316,0
Sub-317,good,317,1
Sub-318,good,318,1
Sub-319,bad,319,0
Sub-320,good,320,1
Sub-321,good,321,1
Sub-322,good,322,1
Sub-323,good,323,1
Sub-324,bad,324,0
Sub-325,good,325,1
Sub-326,bad,326,0
Sub-327,good,327,1
Sub-328,good,328,1
Sub-329,bad,329,0
Sub-330,good,330,1
Sub-331,good,331,1
Sub-332,bad,332,0
Sub-333,good,333,1
Sub-334,good,334,1
Sub-335,bad,335,0
Sub-336,good,336,1
Sub-337,bad,337,0
Sub-338,good,338,1
Sub-339,good,339,1
Sub-340,bad,340,0
Sub-341,bad,341,0
Sub-342,bad,342,0
Sub-343,bad,343,0
Sub-344,good,344,1
Sub-345,,345,0
Sub-346,good,346,1
Sub-347,good,347,1
Sub-348,good,348,1
Sub-349,good,349,1
Sub-350,good,350,1
Sub-351,good,351,1
Sub-352,good,352,1
Sub-353,good,353,1
Sub-354,good,354,1
Sub-355,good,355,1
Sub-356,good,356,1
Sub-357,good,357,1
Sub-358,good,358,1
Sub-359,good,359,1
Sub-360,bad,360,0
Sub-361,good,361,1
Sub-362,good,362,1
Sub-363,good,363,1
Sub-364,good,364,1
Sub-365,bad,365,0
Sub-366,good,366,1
Sub-367,good,367,1
Sub-368,good,368,1
Sub-369,good,369,1
Sub-370,good,370,1
Sub-371,good,371,1
Sub-372,bad,372,0
Sub-373,good,373,1
Sub-374,good,374,1
Sub-375,good,375,1
Sub-376,good,376,1
Sub-377,good,377,1
Sub-378,good,378,1
Sub-379,good,379,1
Sub-380,good,380,1
Sub-381,good,381,1
Sub-382,good,382,1
Sub-383,good,383,1
Sub-384,good,384,1
Sub-385,good,385,1
Sub-386,bad,386,0
Sub-387,good,387,1
Sub-388,good,388,1
Sub-389,good,389,1
Sub-390,good,390,1
Sub-391,good,391,1
Sub-392,bad,392,0
Sub-393,good,393,1
Sub-394,bad,394,0
Sub-395,good,395,1
Sub-396,good,396,1
Sub-397,good,397,1
Sub-398,good,398,1
Sub-399,bad,399,0
Sub-400,good,400,1
Sub-401,good,401,1
Sub-402,good,402,1
Sub-403,good,403,1
Sub-404,good,404,1
Sub-405,,405,0
Sub-406,good,406,1
Sub-407,good,407,1
Sub-408,good,408,1
Sub-409,good,409,1
Sub-410,good,410,1
Sub-411,good,411,1
Sub-412,bad,412,0
Sub-413,good,413,1
Sub-414,good,414,1
Sub-415,good,415,1
Sub-416,good,416,1
Sub-417,good,417,1
Sub-418,bad,418,0
Sub-419,good,419,1
Sub-420,good,420,1
Sub-421,good,421,1
Sub-422,good,422,1
Sub-423,good,423,1
Sub-424,good,424,1
Sub-425,good,425,1
Sub-426,good,426,1
Sub-427,good,427,1
Sub-428,good,428,1
Sub-429,bad,429,0
Sub-430,,430,0
Sub-431,good,431,1
Sub-432,good,432,1
Sub-433,good,433,1
Sub-434,good,434,1
Sub-435,good,435,1
Sub-436,good,436,1
Sub-437,good,437,1
Sub-438,good,438,1
Sub-439,good,439,1
Sub-440,good,440,1
Sub-441,good,441,1
Sub-442,good,442,1
Sub-443,good,443,1
Sub-444,good,444,1
Sub-445,good,445,1
Sub-446,,446,0
Sub-447,good,447,1
Sub-448,good,448,1
Sub-449,good,449,1
Sub-450,good,450,1
Sub-451,good,451,1
Sub-452,good,452,1
Sub-453,good,453,1
Sub-454,,454,0
Sub-455,good,455,1
Sub-456,good,456,1
Sub-457,bad,457,0
Sub-458,good,458,1
Sub-459,good,459,1
Sub-460,good,460,1
Sub-461,good,461,1
Sub-462,bad,462,0
Sub-463,good,463,1
Sub-464,good,464,1
Sub-465,good,465,1
Sub-466,good,466,1
Sub-467,good,467,1
Sub-468,good,468,1
Sub-469,good,469,1
Sub-470,good,470,1
Sub-471,good,471,1
Sub-472,good,472,1
Sub-473,good,473,1
Sub-474,good,474,1
Sub-475,bad,475,0
Sub-476,good,476,1
Sub-477,good,477,1
Sub-478,good,478,1
Sub-479,good,479,1
Sub-480,good,480,1
Sub-481,good,481,1
Sub-482,bad,482,0
Sub-483,good,483,1
Sub-484,good,484,1
Sub-485,good,485,1
Sub-486,good,486,1
Sub-487,,487,0
Sub-488,good,488,1
Sub-489,good,489,1
Sub-490,,490,0
Sub-491,good,491,1
Sub-492,bad,492,0
Sub-493,good,493,1
Sub-494,bad,494,0
Sub-495,,495,0
Sub-496,good,496,1
Sub-497,good,497,1
Sub-498,good,498,1
Sub-499,good,499,1
Sub-500,good,500,1
Sub-501,,501,0
Sub-502,good,502,1
Sub-503,good,503,1
Sub-504,good,504,1
Sub-505,good,505,1
Sub-506,good,506,1
Sub-507,good,507,1
Sub-508,good,508,1
Sub-509,good,509,1
Sub-510,,510,0
Sub-511,bad,511,0
Sub-512,good,512,1
Sub-513,bad,513,0
Sub-514,good,514,1
Sub-515,good,515,1
Sub-516,good,516,1
Sub-517,good,517,1
Sub-518,good,518,1
Sub-519,good,519,1
Sub-520,good,520,1
Sub-521,good,521,1
Sub-522,good,522,1
Sub-523,bad,523,0
Sub-524,good,524,1
Sub-525,good,525,1
Sub-526,good,526,1
Sub-527,good,527,1
Sub-528,good,528,1
Sub-529,good,529,1
Sub-530,good,530,1
Sub-531,good,531,1
Sub-532,good,532,1
Sub-533,bad,533,0
Sub-534,good,534,1
Sub-535,good,535,1
Sub-536,good,536,1
Sub-537,good,537,1
Sub-538,,538,0
Sub-539,good,539,1
Sub-540,good,540,1
Sub-541,bad,541,0
Sub-542,good,542,1
Sub-543,good,543,1
Sub-544,good,544,1
Sub-545,good,545,1
Sub-546,good,546,1
Sub-547,good,547,1
Sub-548,good,548,1
Sub-549,good,549,1
Sub-550,good,550,1
Sub-551,good,551,1
Sub-552,good,552,1
Sub-553,bad,553,0
Sub-554,,554,0
Sub-555,good,555,1
Sub-556,good,556,1
Sub-557,good,557,1
Sub-558,bad,558,0
Sub-559,good,559,1
Sub-560,good,560,1
Sub-561,bad,561,0
Sub-562,good,562,1
Sub-563,good,563,1
Sub-564,good,564,1
Sub-565,bad,565,0
Sub-566,good,566,1
Sub-567,good,567,1
Sub-568,good,568,1
Sub-569,good,569,1
Sub-570,good,570,1
Sub-571,bad,571,0
Sub-572,bad,572,0
Sub-573,good,573,1
Sub-574,good,574,1
Sub-575,good,575,1
Sub-576,good,576,1
Sub-577,,577,0
Sub-578,good,578,1
Sub-579,good,579,1
Sub-580,good,580,1
Sub-581,good,581,1
Sub-582,good,582,1
Sub-583,good,583,1
Sub-584,good,584,1
Sub-585,good,585,1
Sub-586,bad,586,0
Sub-587,good,587,1
Sub-588,good,588,1
Sub-589,good,589,1
Sub-590,good,590,1
Sub-591,bad,591,0
Sub-592,good,592,1
Sub-593,good,593,1
Sub-594,good,594,1
Sub-595,good,595,1
Sub-596,good,596,1
Sub-597,good,597,1
Sub-598,,598,0
Sub-599,good,599,1
Sub-600,bad,600,0
Sub-601,good,601,1
Sub-602,,602,0
Sub-603,good,603,1
Sub-604,good,604,1
Sub-605,good,605,1
Sub-606,good,606,1
Sub-607,good,607,1
Sub-608,good,608,1
Sub-609,good,609,1
Sub-610,bad,610,0
Sub-611,bad,611,0
Sub-612,good,612,1
Sub-613,bad,613,0
Sub-614,good,614,1
Sub-615,good,615,1
Sub-616,good,616,1
Sub-617,good,617,1
Sub-618,good,618,1
Sub-619,good,619,1
Sub-620,good,620,1
Sub-621,bad,621,0
Sub-622,good,622,1
Sub-623,bad,623,0
Sub-624,good,624,1
Sub-625,good,625,1
Sub-626,good,626,1
Sub-627,good,627,1
Sub-628,good,628,1
Sub-629,good,629,1
Sub-630,good,630,1
Sub-631,bad,631,0
Sub-632,bad,632,0
Sub-633,good,633,1
Sub-634,bad,634,0
Sub-635,good,635,1
Sub-636,bad,636,0
Sub-637,good,637,1
Sub-638,good,638,1
Sub-639,good,639,1
Sub-640,good,640,1
Sub-641,good,641,1
Sub-642,good,642,1
Sub-643,good,643,1
Sub-644,good,644,1
Sub-645,good,645,1
Sub-646,good,646,1
Sub-647,good,647,1
Sub-648,good,648,1
Sub-649,good,649,1
Sub-650,good,650,1
Sub-651,good,651,1
Sub-652,good,652,1
Sub-653,good,653,1
Sub-654,good,654,1
Sub-655,good,655,1
Sub-656,good,656,1
Sub-657,bad,657,0
Sub-658,good,658,1
Sub-659,good,659,1
Sub-660,bad,660,0
Sub-661,good,661,1
Sub-662,good,662,1
Sub-663,bad,663,0
Sub-664,good,664,1
Sub-665,good,665,1
Sub-666,good,666,1
Sub-667,good,667,1
Sub-668,good,668,1
Sub-669,good,669,1
Sub-670,good,670,1
Sub-671,bad,671,0
Sub-672,good,672,1
Sub-673,good,673,1
Sub-674,good,674,1
Sub-675,good,675,1
Sub-676,good,676,1
Sub-677,good,677,1
Sub-678,good,678,1
Sub-679,good,679,1
Sub-680,good,680,1
Sub-681,good,681,1
Sub-682,bad,682,0
Sub-683,good,683,1
Sub-684,good,684,1
Sub-685,bad,685,0
Sub-686,good,686,1
Sub-687,good,687,1
Sub-688,good,688,1
Sub-689,good,689,1
Sub-690,good,690,1
Sub-691,good,691,1
Sub-692,bad,692,0
Sub-693,good,693,1
Sub-694,good,694,1
Sub-695,good,695,1
Sub-696,good,696,1
Sub-697,bad,697,0
Sub-698,good,698,1
Sub-699,good,699,1
Sub-700,good,700,1
Sub-701,good,701,1
Sub-702,good,702,1
Sub-703,good,703,1
Sub-704,good,704,1
Sub-705,good,705,1
Sub-706,bad,706,0
Sub-707,good,707,1
Sub-708,good,708,1
Sub-709,good,709,1
Sub-710,good,710,1
Sub-711,good,711,1
Sub-712,good,712,1
Sub-713,good,713,1
Sub-714,good,714,1
Sub-715,good,715,1
Sub-716,good,716,1
Sub-717,good,717,1
Sub-718,good,718,1
Sub-719,,719,0
Sub-720,good,720,1
Sub-721,good,721,1
Sub-722,,722,0
Sub-723,bad,723,0
Sub-724,bad,724,0
Sub-725,good,725,1
Sub-726,bad,726,0
Sub-727,good,727,1
Sub-728,good,728,1
Sub-729,good,729,1
Sub-730,good,730,1
Sub-731,good,731,1
Sub-732,good,732,1
Sub-733,bad,733,0
Sub-734,good,734,1
Sub-735,good,735,1
Sub-736,good,736,1
Sub-737,good,737,1
Sub-738,good,738,1
Sub-739,good,739,1
Sub-740,good,740,1
Sub-741,bad,741,0
Sub-742,good,742,1
Sub-743,good,743,1
Sub-744,good,744,1
Sub-745,good,745,1
Sub-746,bad,746,0
Sub-747,good,747,1
Sub-748,good,748,1
Sub-749,good,749,1
Sub-750,good,750,1
Sub-751,good,751,1
Sub-752,good,752,1
Sub-753,good,753,1
Sub-754,good,754,1
Sub-755,good,755,1
Sub-756,good,756,1
Sub-757,bad,757,0
Sub-758,good,758,1
Sub-759,good,759,1
Sub-760,bad,760,0
Sub-761,bad,761,0
Sub-762,good,762,1
Sub-763,good,763,1
Sub-764,good,764,1
Sub-765,good,765,1
Sub-766,bad,766,0
Sub-767,bad,767,0
Sub-768,good,768,1
Sub-769,good,769,1
Sub-770,good,770,1
Sub-771,good,771,1
Sub-772,good,772,1
Sub-773,good,773,1
Sub-774,good,774,1
Sub-775,good,775,1
Sub-776,,776,0
Sub-777,good,777,1
Sub-778,good,778,1
Sub-779,bad,779,0
Sub-780,good,780,1
Sub-781,good,781,1
Sub-782,good,782,1
Sub-783,,783,0
Sub-784,good,784,1
Sub-785,good,785,1
Sub-786,good,786,1
Sub-787,good,787,1
Sub-788,good,788,1
Sub-789,good,789,1
Sub-790,good,790,1
Sub-791,bad,791,0
Sub-792,good,792,1
Sub-793,good,793,1
Sub-794,good,794,1
Sub-795,good,795,1
Sub-796,good,796,1
Sub-797,bad,797,0
Sub-798,good,798,1
Sub-799,good,799,1
Sub-800,good,800,1
Sub-801,good,801,1
Sub-802,good,802,1
Sub-803,good,803,1
Sub-804,bad,804,0
Sub-805,good,805,1
Sub-806,good,806,1
Sub-807,bad,807,0
Sub-808,good,808,1
Sub-809,good,809,1
Sub-810,good,810,1
Sub-811,bad,811,0
Sub-812,good,812,1
Sub-813,good,813,1
Sub-814,bad,814,0
Sub-815,good,815,1
Sub-816,good,816,1
Sub-817,good,817,1
Sub-818,good,818,1
Sub-819,good,819,1
Sub-820,good,820,1
Sub-821,bad,821,0
Sub-822,good,822,1
Sub-823,bad,823,0
Sub-824,bad,824,0
Sub-825,good,825,1
Sub-826,good,826,1
Sub-827,bad,827,0
Sub-828,good,828,1
Sub-829,good,829,1
Sub-830,bad,830,0
Sub-831,good,831,1
Sub-832,bad,832,0
Sub-833,good,833,1
Sub-834,bad,834,0
Sub-835,good,835,1
Sub-836,good,836,1
Sub-837,,837,0
Sub-838,good,838,1
Sub-839,bad,839,0
Sub-840,good,840,1
Sub-841,good,841,1
Sub-842,good,842,1
Sub-843,bad,843,0
Sub-844,good,844,1
Sub-845,good,845,1
Sub-846,good,846,1
Sub-847,good,847,1
Sub-848,good,848,1
Sub-849,good,849,1
Sub-850,good,850,1
Sub-851,bad,851,0
Sub-852,good,852,1
Sub-853,,853,0
Sub-854,bad,854,0
Sub-855,good,855,1
Sub-856,bad,856,0
Sub-857,good,857,1
Sub-858,good,858,1
Sub-859,,859,0
Sub-860,good,860,1
Sub-861,good,861,1
Sub-862,,862,0
Sub-863,good,863,1
Sub-864,good,864,1
Sub-865,good,865,1
Sub-866,good,866,1
Sub-867,good,867,1
Sub-868,good,868,1
Sub-869,bad,869,0
Sub-870,,870,0
Sub-871,good,871,1
Sub-872,good,872,1
Sub-873,good,873,1
Sub-874,bad,874,0
Sub-875,good,875,1
Sub-876,bad,876,0
Sub-877,good,877,1
Sub-878,good,878,1
Sub-879,good,879,1
Sub-880,good,880,1
Sub-881,good,881,1
Sub-882,good,882,1
Sub-883,good,883,1
Sub-884,bad,884,0
Sub-885,good,885,1
Sub-886,good,886,1
Sub-887,good,887,1
Sub-888,good,888,1
Sub-889,bad,889,0
Sub-890,good,890,1
Sub-891,good,891,1
Sub-892,,892,0
Sub-893,bad,893,0
Sub-894,good,894,1
Sub-895,good,895,1
Sub-896,bad,896,0
Sub-897,good,897,1
Sub-898,good,898,1
Sub-899,good,899,1
Sub-900,good,900,1
Sub-901,good,901,1
Sub-902,bad,902,0
Sub-903,good,903,1
Sub-904,good,904,1
Sub-905,good,905,1
Sub-906,bad,906,0
Sub-907,good,907,1
Sub-908,good,908,1
Sub-909,good,909,1
Sub-910,good,910,1
Sub-911,good,911,1
Sub-912,bad,912,0
Sub-913,good,913,1
Sub-914,good,914,1
Sub-915,good,915,1
Sub-916,good,916,1
Sub-917,good,917,1
Sub-918,good,918,1
Sub-919,bad,919,0
Sub-920,bad,920,0
Sub-921,good,921,1
Sub-922,good,922,1
Sub-923,good,923,1
Sub-924,bad,924,0
Sub-925,good,925,1
Sub-926,good,926,1
Sub-927,good,927,1
Sub-928,good,928,1
Sub-929,bad,929,0
Sub-930,good,930,1
Sub-931,good,931,1
Sub-932,good,932,1
Sub-933,good,933,1
Sub-934,good,934,1
Sub-935,good,935,1
Sub-936,bad,936,0
Sub-937,good,937,1
Sub-938,good,938,1
Sub-939,good,939,1
Sub-940,good,940,1
Sub-941,good,941,1
Sub-942,good,942,1
Sub-943,good,943,1
Sub-944,good,944,1
Sub-945,good,945,1
Sub-946,bad,946,0
Sub-947,good,947,1
Sub-948,good,948,1
Sub-949,good,949,1
Sub-950,good,950,1
Sub-951,good,951,1
Sub-952,good,952,1
Sub-953,bad,953,0
Sub-954,good,954,1
Sub-955,good,955,1
Sub-956,,956,0
Sub-957,good,957,1
Sub-958,good,958,1
Sub-959,good,959,1
Sub-960,good,960,1
Sub-961,good,961,1
Sub-962,good,962,1
Sub-963,bad,963,0
Sub-964,good,964,1
Sub-965,good,965,1
Sub-966,good,966,1
Sub-967,good,967,1
Sub-968,good,968,1
Sub-969,good,969,1
Sub-970,good,970,1
Sub-971,good,971,1
Sub-972,good,972,1
Sub-973,bad,973,0
Sub-974,bad,974,0
Sub-975,good,975,1
Sub-976,good,976,1
Sub-977,good,977,1
Sub-978,good,978,1
Sub-979,good,979,1
Sub-980,bad,980,0
Sub-981,good,981,1
Sub-982,good,982,1
Sub-983,good,983,1
Sub-984,good,984,1
Sub-985,good,985,1
Sub-986,good,986,1
Sub-987,,987,0
Sub-988,good,988,1
Sub-989,good,989,1
Sub-990,bad,990,0
Sub-991,good,991,1
Sub-992,,992,0
Sub-993,good,993,1
Sub-994,good,994,1
Sub-995,good,995,1
Sub-996,good,996,1
Sub-997,good,997,1
Sub-998,good,998,1
Sub-999,good,999,1
Sub-1000,bad,1000,0
Sub-1001,good,1001,1
Sub-1002,bad,1002,0
Sub-1003,bad,1003,0
Sub-1004,good,1004,1
Sub-1005,good,1005,1
Sub-1006,good,1006,1
Sub-1007,good,1007,1
Sub-1008,bad,1008,0
Sub-1009,good,1009,1
Sub-1010,bad,1010,0
Sub-1011,bad,1011,0
Sub-1012,good,1012,1
Sub-1013,good,1013,1
Sub-1014,good,1014,1
Sub-1015,good,1015,1
Sub-1016,good,1016,1
Sub-1017,bad,1017,0
Sub-1018,bad,1018,0
Sub-1019,good,1019,1
Sub-1020,good,1020,1
Sub-1021,good,1021,1
Sub-1022,good,1022,1
Sub-1023,good,1023,1
Sub-1024,good,1024,1
Sub-1025,bad,1025,0
Sub-1026,bad,1026,0
Sub-1027,bad,1027,0
Sub-1028,good,1028,1
Sub-1029,,1029,0
Sub-1030,good,1030,1
Sub-1031,good,1031,1
Sub-1032,good,1032,1
Sub-1033,good,1033,1
Sub-1034,good,1034,1
Sub-1035,good,1035,1
Sub-1036,good,1036,1
Sub-1037,good,1037,1
Sub-1038,good,1038,1
Sub-1039,good,1039,1
Sub-1040,bad,1040,0
Sub-1041,bad,1041,0
Sub-1042,,1042,0
Sub-1043,good,1043,1
Sub-1044,good,1044,1
Sub-1045,good,1045,1
Sub-1046,good,1046,1
Sub-1047,good,1047,1
Sub-1048,bad,1048,0
Sub-1049,good,1049,1
Sub-1050,good,1050,1
Sub-1051,good,1051,1
Sub-1052,bad,1052,0
Sub-1053,good,1053,1
Sub-1054,good,1054,1
Sub-1055,good,1055,1
Sub-1056,good,1056,1
Sub-1057,good,1057,1
Sub-1058,bad,1058,0
Sub-1059,good,1059,1
Sub-1060,good,1060,1
Sub-1061,bad,1061,0
Sub-1062,good,1062,1
Sub-1063,good,1063,1
Sub-1064,good,1064,1
Sub-1065,good,1065,1
Sub-1066,bad,1066,0
Sub-1067,good,1067,1
Sub-1068,good,1068,1
Sub-1069,bad,1069,0
Sub-1070,good,1070,1
Sub-1071,bad,1071,0
Sub-1072,good,1072,1
Sub-1073,good,1073,1
Sub-1074,good,1074,1
Sub-1075,good,1075,1
Sub-1076,good,1076,1
Sub-1077,good,1077,1
Sub-1078,good,1078,1
Sub-1079,bad,1079,0
Sub-1080,good,1080,1
Sub-1081,good,1081,1
Sub-1082,bad,1082,0
Sub-1083,good,1083,1
Sub-1084,good,1084,1
Sub-1085,bad,1085,0
Sub-1086,good,1086,1
Sub-1087,good,1087,1
Sub-1088,good,1088,1
Sub-1089,good,1089,1
Sub-1090,good,1090,1
Sub-1091,good,1091,1
Sub-1092,good,1092,1
Sub-1093,good,1093,1
Sub-1094,good,1094,1
Sub-1095,good,1095,1
Sub-1096,good,1096,1
Sub-1097,good,1097,1
Sub-1098,bad,1098,0
Sub-1099,good,1099,1
Sub-1100,bad,1100,0
Sub-1101,good,1101,1
Sub-1102,good,1102,1
Sub-1103,good,1103,1
Sub-1104,good,1104,1
Sub-1105,bad,1105,0
Sub-1106,good,1106,1
Sub-1107,bad,1107,0
Sub-1108,good,1108,1
Sub-1109,good,1109,1
Sub-1110,good,1110,1
Sub-1111,good,1111,1
Sub-1112,bad,1112,0
Sub-1113,bad,1113,0
Sub-1114,bad,1114,0
Sub-1115,good,1115,1
Sub-1116,bad,1116,0
Sub-1117,bad,1117,0
Sub-1118,bad,1118,0
Sub-1119,good,1119,1
Sub-1120,good,1120,1
Sub-1121,good,1121,1
Sub-1122,good,1122,1
Sub-1123,bad,1123,0
Sub-1124,bad,1124,0
Sub-1125,bad,1125,0
Sub-1126,good,1126,1
Sub-1127,good,1127,1
Sub-1128,good,1128,1
Sub-1129,good,1129,1
Sub-1130,good,1130,1
Sub-1131,good,1131,1
Sub-1132,good,1132,1
Sub-1133,good,1133,1
Sub-1134,good,1134,1
Sub-1135,good,1135,1
Sub-1136,good,1136,1
Sub-1137,bad,1137,0
Sub-1138,good,1138,1
Sub-1139,good,1139,1
Sub-1140,good,1140,1
Sub-1141,bad,1141,0
Sub-1142,good,1142,1
Sub-1143,good,1143,1
Sub-1144,good,1144,1
Sub-1145,bad,1145,0
Sub-1146,bad,1146,0
Sub-1147,good,1147,1
Sub-1148,good,1148,1
Sub-1149,good,1149,1
Sub-1150,good,1150,1
Sub-1151,bad,1151,0
Sub-1152,good,1152,1
Sub-1153,bad,1153,0
Sub-1154,good,1154,1
Sub-1155,good,1155,1
Sub-1156,good,1156,1
Sub-1157,good,1157,1
Sub-1158,bad,1158,0
Sub-1159,good,1159,1
Sub-1160,good,1160,1
Sub-1161,good,1161,1
Sub-1162,good,1162,1
Sub-1163,bad,1163,0
Sub-1164,good,1164,1
Sub-1165,good,1165,1
Sub-1166,good,1166,1
Sub-1167,bad,1167,0
Sub-1168,good,1168,1
Sub-1169,bad,1169,0
Sub-1170,good,1170,1
Sub-1171,good,1171,1
Sub-1172,good,1172,1
Sub-1173,bad,1173,0
Sub-1174,good,1174,1
Sub-1175,bad,1175,0
Sub-1176,good,1176,1
Sub-1177,good,1177,1
Sub-1178,good,1178,1
Sub-1179,good,1179,1
Sub-1180,good,1180,1
Sub-1181,good,1181,1
Sub-1182,good,1182,1
Sub-1183,good,1183,1
Sub-1184,good,1184,1
Sub-1185,good,1185,1
Sub-1186,good,1186,1
Sub-1187,good,1187,1
Sub-1188,good,1188,1
Sub-1189,good,1189,1
Sub-1190,good,1190,1
Sub-1191,good,1191,1
Sub-1192,good,1192,1
Sub-1193,bad,1193,0
Sub-1194,bad,1194,0
Sub-1195,good,1195,1
Sub-1196,,1196,0
Sub-1197,good,1197,1
Sub-1198,good,1198,1
Sub-1199,good,1199,1
Sub-1200,good,1200,1
Sub-1201,good,1201,1
Sub-1202,good,1202,1
Sub-1203,bad,1203,0
Sub-1204,good,1204,1
Sub-1205,good,1205,1
Sub-1206,good,1206,1
Sub-1207,bad,1207,0
Sub-1208,good,1208,1
Sub-1209,good,1209,1
Sub-1210,good,1210,1
Sub-1211,good,1211,1
Sub-1212,bad,1212,0
Sub-1213,,1213,0
Sub-1214,good,1214,1
Sub-1215,bad,1215,0
Sub-1216,bad,1216,0
Sub-1217,good,1217,1
Sub-1218,good,1218,1
Sub-1219,good,1219,1
Sub-1220,good,1220,1
Sub-1221,bad,1221,0
Sub-1222,good,1222,1
Sub-1223,good,1223,1
Sub-1224,good,1224,1
Sub-1225,good,1225,1
Sub-1226,good,1226,1
Sub-1227,good,1227,1
Sub-1228,good,1228,1
Sub-1229,good,1229,1
Sub-1230,good,1230,1
Sub-1231,good,1231,1
Sub-1232,bad,1232,0
Sub-1233,good,1233,1
Sub-1234,good,1234,1
Sub-1235,good,1235,1
Sub-1236,good,1236,1
Sub-1237,good,1237,1
Sub-1238,good,1238,1
Sub-1239,bad,1239,0
Sub-1240,good,1240,1
Sub-1241,,1241,0
Sub-1242,good,1242,1
Sub-1243,good,1243,1
Sub-1244,good,1244,1
Sub-1245,good,1245,1
Sub-1246,good,1246,1
Sub-1247,good,1247,1
Sub-1248,bad,1248,0
Sub-1249,good,1249,1
Sub-1250,good,1250,1
Sub-1251,good,1251,1
Sub-1252,good,1252,1
Sub-1253,,1253,0
Sub-1254,good,1254,1
Sub-1255,good,1255,1
Sub-1256,good,1256,1
Sub-1257,good,1257,1
Sub-1258,bad,1258,0
Sub-1259,good,1259,1
Sub-1260,bad,1260,0
Sub-1261,good,1261,1
Sub-1262,good,1262,1
Sub-1263,good,1263,1
Sub-1264,good,1264,1
Sub-1265,good,1265,1
Sub-1266,good,1266,1
Sub-1267,good,1267,1
Sub-1268,bad,1268,0
Sub-1269,good,1269,1
Sub-1270,bad,1270,0
Sub-1271,good,1271,1
Sub-1272,good,1272,1
Sub-1273,,1273,0
Sub-1274,bad,1274,0
Sub-1275,good,1275,1
Sub-1276,good,1276,1
Sub-1277,good,1277,1
Sub-1278,good,1278,1
Sub-1279,good,1279,1
Sub-1280,good,1280,1
Sub-1281,good,1281,1
Sub-1282,good,1282,1
Sub-1283,good,1283,1
Sub-1284,good,1284,1
Sub-1285,good,1285,1
Sub-1286,good,1286,1
Sub-1287,,1287,0
Sub-1288,bad,1288,0
Sub-1289,good,1289,1
Sub-1290,good,1290,1
Sub-1291,good,1291,1
Sub-1292,bad,1292,0
Sub-1293,good,1293,1
Sub-1294,good,1294,1
Sub-1295,bad,1295,0
Sub-1296,good,1296,1
Sub-1297,bad,1297,0
Sub-1298,bad,1298,0
Sub-1299,good,1299,1
Sub-1300,good,1300,1
Sub-1301,good,1301,1
Sub-1302,good,1302,1
Sub-1303,good,1303,1
Sub-1304,good,1304,1
Sub-1305,,1305,0
Sub-1306,good,1306,1
Sub-1307,good,1307,1
Sub-1308,good,1308,1
Sub-1309,good,1309,1
Sub-1310,bad,1310,0
Sub-1311,good,1311,1
Sub-1312,good,1312,1
Sub-1313,good,1313,1
Sub-1314,good,1314,1
Sub-1315,bad,1315,0
Sub-1316,bad,1316,0
Sub-1317,good,1317,1
Sub-1318,bad,1318,0
Sub-1319,good,1319,1
Sub-1320,bad,1320,0
Sub-1321,good,1321,1
Sub-1322,bad,1322,0
Sub-1323,bad,1323,0
Sub-1324,good,1324,1
Sub-1325,bad,1325,0
Sub-1326,good,1326,1
Sub-1327,good,1327,1
Sub-1328,good,1328,1
Sub-1329,good,1329,1
Sub-1330,good,1330,1
Sub-1331,bad,1331,0
Sub-1332,bad,1332,0
Sub-1333,good,1333,1
Sub-1334,good,1334,1
Sub-1335,good,1335,1
Sub-1336,bad,1336,0
Sub-1337,good,1337,1
Sub-1338,bad,1338,0
Sub-1339,good,1339,1
Sub-1340,good,1340,1
Sub-1341,good,1341,1
Sub-1342,good,1342,1
Sub-1343,good,1343,1
Sub-1344,,1344,0
Sub-1345,good,1345,1
Sub-1346,,1346,0
Sub-1347,good,1347,1
Sub-1348,good,1348,1
Sub-1349,good,1349,1
Sub-1350,good,1350,1
Sub-1351,bad,1351,0
Sub-1352,bad,1352,0
Sub-1353,good,1353,1
Sub-1354,good,1354,1
Sub-1355,good,1355,1
Sub-1356,good,1356,1
Sub-1357,good,1357,1
Sub-1358,good,1358,1
Sub-1359,good,1359,1
Sub-1360,good,1360,1
Sub-1361,good,1361,1
Sub-1362,good,1362,1
Sub-1363,good,1363,1
Sub-1364,good,1364,1
Sub-1365,good,1365,1
Sub-1366,bad,1366,0
Sub-1367,good,1367,1
Sub-1368,good,1368,1
Sub-1369,bad,1369,0
Sub-1370,,1370,0
Sub-1371,good,1371,1
Sub-1372,good,1372,1
Sub-1373,bad,1373,0
Sub-1374,bad,1374,0
Sub-1375,good,1375,1
Sub-1376,bad,1376,0
Sub-1377,good,1377,1
Sub-1378,good,1378,1
Sub-1379,bad,1379,0
Sub-1380,good,1380,1
Sub-1381,good,1381,1
Sub-1382,good,1382,1
Sub-1383,good,1383,1
Sub-1384,,1384,0
Sub-1385,good,1385,1
Sub-1386,good,1386,1
Sub-1387,,1387,0
Sub-1388,good,1388,1
Sub-1389,good,1389,1
Sub-1390,bad,1390,0
Sub-1391,good,1391,1
Sub-1392,good,1392,1
Sub-1393,,1393,0
Sub-1394,,1394,0
Sub-1395,,1395,0
Sub-1396,good,1396,1
Sub-1397,good,1397,1
Sub-1398,good,1398,1
Sub-1399,good,1399,1
Sub-1400,good,1400,1
Sub-1401,bad,1401,0
Sub-1402,good,1402,1
Sub-1403,bad,1403,0
Sub-1404,good,1404,1
Sub-1405,good,1405,1
Sub-1406,good,1406,1
Sub-1407,good,1407,1
Sub-1408,good,1408,1
Sub-1409,good,1409,1
Sub-1410,bad,1410,0
Sub-1411,bad,1411,0
Sub-1412,good,1412,1
Sub-1413,good,1413,1
Sub-1414,,1414,0
Sub-1415,good,1415,1
Sub-1416,good,1416,1
Sub-1417,good,1417,1
Sub-1418,good,1418,1
Sub-1419,bad,1419,0
Sub-1420,good,1420,1
Sub-1421,good,1421,1
Sub-1422,bad,1422,0
Sub-1423,good,1423,1
Sub-1424,good,1424,1
Sub-1425,good,1425,1
Sub-1426,good,1426,1
Sub-1427,good,1427,1
Sub-1428,good,1428,1
Sub-1429,good,1429,1
Sub-1430,good,1430,1
Sub-1431,good,1431,1
Sub-1432,good,1432,1
Sub-1433,good,1433,1
Sub-1434,good,1434,1
Sub-1435,good,1435,1
Sub-1436,good,1436,1
Sub-1437,bad,1437,0
Sub-1438,bad,1438,0
Sub-1439,good,1439,1
Sub-1440,good,1440,1
Sub-1441,good,1441,1
Sub-1442,good,1442,1
Sub-1443,good,1443,1
Sub-1444,good,1444,1
Sub-1445,good,1445,1
Sub-1446,good,1446,1
Sub-1447,,1447,0
Sub-1448,good,1448,1
Sub-1449,good,1449,1
Sub-1450,bad,1450,0
Sub-1451,good,1451,1
Sub-1452,good,1452,1
Sub-1453,good,1453,1
Sub-1454,good,1454,1
Sub-1455,good,1455,1
Sub-1456,good,1456,1
Sub-1457,,1457,0
Sub-1458,bad,1458,0
Sub-1459,good,1459,1
Sub-1460,good,1460,1
Sub-1461,good,1461,1
Sub-1462,bad,1462,0
Sub-1463,bad,1463,0
Sub-1464,good,1464,1
Sub-1465,bad,1465,0
Sub-1466,bad,1466,0
Sub-1467,good,1467,1
Sub-1468,good,1468,1
Sub-1469,good,1469,1
Sub-1470,good,1470,1
Sub-1471,good,1471,1
Sub-1472,good,1472,1
Sub-1473,good,1473,1
Sub-1474,good,1474,1
Sub-1475,good,1475,1
Sub-1476,bad,1476,0
Sub-1477,good,1477,1
Sub-1478,bad,1478,0
Sub-1479,good,1479,1
Sub-1480,good,1480,1
Sub-1481,,1481,0
Sub-1482,good,1482,1
Sub-1483,good,1483,1
Sub-1484,good,1484,1
Sub-1485,bad,1485,0
Sub-1486,good,1486,1
Sub-1487,good,1487,1
Sub-1488,good,1488,1
Sub-1489,good,1489,1
Sub-1490,good,1490,1
Sub-1491,good,1491,1
Sub-1492,good,1492,1
Sub-1493,good,1493,1
Sub-1494,bad,1494,0
Sub-1495,good,1495,1
Sub-1496,good,1496,1
Sub-1497,good,1497,1
Sub-1498,good,1498,1
Sub-1499,good,1499,1
Sub-1500,bad,1500,0
Sub-1501,good,1501,1
Sub-1502,good,1502,1
Sub-1503,good,1503,1
Sub-1504,good,1504,1
Sub-1505,good,1505,1
Sub-1506,good,1506,1
Sub-1507,bad,1507,0
Sub-1508,good,1508,1
Sub-1509,good,1509,1
Sub-1510,bad,1510,0
Sub-1511,good,1511,1
Sub-1512,good,1512,1
Sub-1513,bad,1513,0
Sub-1514,good,1514,1
Sub-1515,,1515,0
Sub-1516,good,1516,1
Sub-1517,good,1517,1
Sub-1518,good,1518,1
Sub-1519,good,1519,1
Sub-1520,bad,1520,0
Sub-1521,good,1521,1
Sub-1522,,1522,0
Sub-1523,good,1523,1
Sub-1524,good,1524,1
Sub-1525,good,1525,1
Sub-1526,good,1526,1
Sub-1527,good,1527,1
Sub-1528,good,1528,1
Sub-1529,good,1529,1
Sub-1530,good,1530,1
Sub-1531,good,1531,1
Sub-1532,good,1532,1
Sub-1533,good,1533,1
Sub-1534,good,1534,1
Sub-1535,good,1535,1
Sub-1536,good,1536,1
Sub-1537,good,1537,1
Sub-1538,good,1538,1
Sub-1539,good,1539,1
Sub-1540,good,1540,1
Sub-1541,bad,1541,0
Sub-1542,good,1542,1
Sub-1543,bad,1543,0
Sub-1544,good,1544,1
Sub-1545,good,1545,1
Sub-1546,good,1546,1
Sub-1547,good,1547,1
Sub-1548,bad,1548,0
Sub-1549,good,1549,1
Sub-1550,good,1550,1
Sub-1551,bad,1551,0
Sub-1552,good,1552,1
Sub-1553,bad,1553,0
Sub-1554,bad,1554,0
Sub-1555,good,1555,1
Sub-1556,good,1556,1
Sub-1557,good,1557,1
Sub-1558,,1558,0
Sub-1559,good,1559,1
Sub-1560,good,1560,1
Sub-1561,good,1561,1
Sub-1562,bad,1562,0
Sub-1563,bad,1563,0
Sub-1564,good,1564,1
Sub-1565,bad,1565,0
Sub-1566,good,1566,1
Sub-1567,good,1567,1
Sub-1568,bad,1568,0
Sub-1569,good,1569,1
Sub-1570,bad,1570,0
Sub-1571,good,1571,1
Sub-1572,bad,1572,0
Sub-1573,good,1573,1
Sub-1574,bad,1574,0
Sub-1575,good,1575,1
Sub-1576,good,1576,1
Sub-1577,bad,1577,0
Sub-1578,good,1578,1
Sub-1579,bad,1579,0
Sub-1580,bad,1580,0
Sub-1581,good,1581,1
Sub-1582,good,1582,1
Sub-1583,good,1583,1
Sub-1584,good,1584,1
Sub-1585,good,1585,1
Sub-1586,good,1586,1
Sub-1587,good,1587,1
Sub-1588,bad,1588,0
Sub-1589,good,1589,1
Sub-1590,good,1590,1
Sub-1591,good,1591,1
Sub-1592,good,1592,1
Sub-1593,good,1593,1
Sub-1594,good,1594,1
Sub-1595,good,1595,1
Sub-1596,good,1596,1
Sub-1597,good,1597,1
Sub-1598,good,1598,1
Sub-1599,bad,1599,0
Sub-1600,good,1600,1
Sub-1601,bad,1601,0
Sub-1602,good,1602,1
Sub-1603,good,1603,1
Sub-1604,good,1604,1
Sub-1605,good,1605,1
Sub-1606,bad,1606,0
Sub-1607,good,1607,1
Sub-1608,good,1608,1
Sub-1609,good,1609,1
Sub-1610,good,1610,1
Sub-1611,good,1611,1
Sub-1612,bad,1612,0
Sub-1613,good,1613,1
Sub-1614,good,1614,1
Sub-1615,bad,1615,0
Sub-1616,good,1616,1
Sub-1617,good,1617,1
Sub-1618,,1618,0
Sub-1619,good,1619,1
Sub-1620,good,1620,1
Sub-1621,good,1621,1
Sub-1622,good,1622,1
Sub-1623,good,1623,1
Sub-1624,good,1624,1
Sub-1625,good,1625,1
Sub-1626,bad,1626,0
Sub-1627,good,1627,1
Sub-1628,good,1628,1
Sub-1629,good,1629,1
Sub-1630,bad,1630,0
Sub-1631,good,1631,1
Sub-1632,good,1632,1
Sub-1633,good,1633,1
Sub-1634,good,1634,1
Sub-1635,good,1635,1
Sub-1636,good,1636,1
Sub-1637,good,1637,1
Sub-1638,good,1638,1
Sub-1639,bad,1639,0
Sub-1640,good,1640,1
Sub-1641,good,1641,1
Sub-1642,good,1642,1
Sub-1643,bad,1643,0
Sub-1644,good,1644,1
Sub-1645,,1645,0
Sub-1646,good,1646,1
Sub-1647,good,1647,1
Sub-1648,good,1648,1
Sub-1649,good,1649,1
Sub-1650,good,1650,1
Sub-1651,bad,1651,0
Sub-1652,good,1652,1
Sub-1653,good,1653,1
Sub-1654,good,1654,1
Sub-1655,bad,1655,0
Sub-1656,good,1656,1
Sub-1657,good,1657,1
Sub-1658,good,1658,1
Sub-1659,good,1659,1
Sub-1660,good,1660,1
Sub-1661,good,1661,1
Sub-1662,good,1662,1
Sub-1663,bad,1663,0
Sub-1664,good,1664,1
Sub-1665,good,1665,1
Sub-1666,good,1666,1
Sub-1667,good,1667,1
Sub-1668,good,1668,1
Sub-1669,bad,1669,0
Sub-1670,good,1670,1
Sub-1671,good,1671,1
Sub-1672,,1672,0
Sub-1673,good,1673,1
Sub-1674,good,1674,1
Sub-1675,good,1675,1
Sub-1676,good,1676,1
Sub-1677,good,1677,1
Sub-1678,good,1678,1
Sub-1679,good,1679,1
Sub-1680,good,1680,1
Sub-1681,good,1681,1
Sub-1682,good,1682,1
Sub-1683,good,1683,1
Sub-1684,bad,1684,0
Sub-1685,good,1685,1
Sub-1686,good,1686,1
Sub-1687,good,1687,1
Sub-1688,bad,1688,0
Sub-1689,good,1689,1
Sub-1690,good,1690,1
Sub-1691,good,1691,1
Sub-1692,bad,1692,0
Sub-1693,good,1693,1
Sub-1694,good,1694,1
Sub-1695,good,1695,1
Sub-1696,bad,1696,0
Sub-1697,good,1697,1
Sub-1698,good,1698,1
Sub-1699,good,1699,1
Sub-1700,good,1700,1
Sub-1701,good,1701,1
Sub-1702,good,1702,1
Sub-1703,bad,1703,0
Sub-1704,good,1704,1
Sub-1705,good,1705,1
Sub-1706,bad,1706,0
Sub-1707,good,1707,1
Sub-1708,good,1708,1
Sub-1709,good,1709,1
Sub-1710,good,1710,1
Sub-1711,good,1711,1
Sub-1712,bad,1712,0
Sub-1713,good,1713,1
Sub-1714,good,1714,1
Sub-1715,bad,1715,0
Sub-1716,good,1716,1
Sub-1717,good,1717,1
Sub-1718,good,1718,1
Sub-1719,good,1719,1
Sub-1720,bad,1720,0
Sub-1721,good,1721,1
Sub-1722,bad,1722,0
Sub-1723,good,1723,1
Sub-1724,bad,1724,0
Sub-1725,good,1725,1
Sub-1726,good,1726,1
Sub-1727,good,1727,1
Sub-1728,good,1728,1
Sub-1729,good,1729,1
Sub-1730,,1730,0
Sub-1731,good,1731,1
Sub-1732,good,1732,1
Sub-1733,good,1733,1
Sub-1734,good,1734,1
Sub-1735,good,1735,1
Sub-1736,bad,1736,0
Sub-1737,bad,1737,0
Sub-1738,good,1738,1
Sub-1739,good,1739,1
Sub-1740,good,1740,1
Sub-1741,good,1741,1
Sub-1742,good,1742,1
Sub-1743,good,1743,1
Sub-1744,good,1744,1
Sub-1745,bad,1745,0
Sub-1746,bad,1746,0
Sub-1747,good,1747,1
Sub-1748,good,1748,1
Sub-1749,good,1749,1
Sub-1750,good,1750,1
Sub-1751,good,1751,1
Sub-1752,good,1752,1
Sub-1753,good,1753,1
Sub-1754,good,1754,1
Sub-1755,good,1755,1
Sub-1756,good,1756,1
Sub-1757,bad,1757,0
Sub-1758,bad,1758,0
Sub-1759,good,1759,1
Sub-1760,good,1760,1
Sub-1761,good,1761,1
Sub-1762,good,1762,1
Sub-1763,good,1763,1
Sub-1764,good,1764,1
Sub-1765,bad,1765,0
Sub-1766,good,1766,1
Sub-1767,good,1767,1
Sub-1768,bad,1768,0
Sub-1769,good,1769,1
Sub-1770,bad,1770,0
Sub-1771,good,1771,1
Sub-1772,bad,1772,0
Sub-1773,good,1773,1
Sub-1774,good,1774,1
Sub-1775,,1775,0
Sub-1776,good,1776,1
Sub-1777,good,1777,1
Sub-1778,good,1778,1
Sub-1779,good,1779,1
Sub-1780,good,1780,1
Sub-1781,bad,1781,0
Sub-1782,good,1782,1
Sub-1783,good,1783,1
Sub-1784,bad,1784,0
Sub-1785,bad,1785,0
Sub-1786,good,1786,1
Sub-1787,good,1787,1
Sub-1788,good,1788,1
Sub-1789,good,1789,1
Sub-1790,good,1790,1
Sub-1791,bad,1791,0
Sub-1792,bad,1792,0
Sub-1793,good,1793,1
Sub-1794,bad,1794,0
Sub-1795,bad,1795,0
Sub-1796,good,1796,1
Sub-1797,good,1797,1
Sub-1798,good,1798,1
Sub-1799,,1799,0
Sub-1800,good,1800,1
Sub-1801,bad,1801,0
Sub-1802,bad,1802,0
Sub-1803,bad,1803,0
Sub-1804,good,1804,1
Sub-1805,good,1805,1
Sub-1806,good,1806,1
Sub-1807,good,1807,1
Sub-1808,good,1808,1
Sub-1809,good,1809,1
Sub-1810,good,1810,1
Sub-1811,good,1811,1
Sub-1812,bad,1812,0
Sub-1813,good,1813,1
Sub-1814,good,1814,1
Sub-1815,good,1815,1
Sub-1816,good,1816,1
Sub-1817,good,1817,1
Sub-1818,good,1818,1
Sub-1819,,1819,0
Sub-1820,,1820,0
Sub-1821,good,1821,1
Sub-1822,bad,1822,0
Sub-1823,good,1823,1
Sub-1824,bad,1824,0
Sub-1825,good,1825,1
Sub-1826,good,1826,1
Sub-1827,good,1827,1
Sub-1828,bad,1828,0
Sub-1829,good,1829,1
Sub-1830,good,1830,1
Sub-1831,bad,1831,0
Sub-1832,good,1832,1
Sub-1833,bad,1833,0
Sub-1834,good,1834,1
Sub-1835,good,1835,1
Sub-1836,good,1836,1
Sub-1837,good,1837,1
Sub-1838,good,1838,1
Sub-1839,good,1839,1
Sub-1840,good,1840,1
Sub-1841,good,1841,1
Sub-1842,good,1842,1
Sub-1843,good,1843,1
Sub-1844,good,1844,1
Sub-1845,good,1845,1
Sub-1846,good,1846,1
Sub-1847,good,1847,1
Sub-1848,,1848,0
Sub-1849,bad,1849,0
Sub-1850,good,1850,1
Sub-1851,,1851,0
Sub-1852,bad,1852,0
Sub-1853,good,1853,1
Sub-1854,good,1854,1
Sub-1855,,1855,0
Sub-1856,good,1856,1
Sub-1857,bad,1857,0
Sub-1858,good,1858,1
Sub-1859,good,1859,1
Sub-1860,,1860,0
Sub-1861,good,1861,1
Sub-1862,,1862,0
Sub-1863,good,1863,1
Sub-1864,good,1864,1
Sub-1865,good,1865,1
Sub-1866,good,1866,1
Sub-1867,good,1867,1
Sub-1868,good,1868,1
Sub-1869,bad,1869,0
Sub-1870,good,1870,1
Sub-1871,bad,1871,0
Sub-1872,good,1872,1
Sub-1873,good,1873,1
Sub-1874,good,1874,1
Sub-1875,bad,1875,0
Sub-1876,good,1876,1
Sub-1877,good,1877,1
Sub-1878,bad,1878,0
Sub-1879,bad,1879,0
Sub-1880,bad,1880,0
Sub-1881,good,1881,1
Sub-1882,good,1882,1
Sub-1883,good,1883,1
Sub-1884,good,1884,1
Sub-1885,good,1885,1
Sub-1886,good,1886,1
Sub-1887,bad,1887,0
Sub-1888,good,1888,1
Sub-1889,good,1889,1
Sub-1890,good,1890,1
Sub-1891,good,1891,1
Sub-1892,good,1892,1
Sub-1893,good,1893,1
Sub-1894,good,1894,1
Sub-1895,bad,1895,0
Sub-1896,bad,1896,0
Sub-1897,bad,1897,0
Sub-1898,bad,1898,0
Sub-1899,bad,1899,0
Sub-1900,good,1900,1
Sub-1901,good,1901,1
Sub-1902,good,1902,1
Sub-1903,bad,1903,0
Sub-1904,bad,1904,0
Sub-1905,good,1905,1
Sub-1906,bad,1906,0
Sub-1907,good,1907,1
Sub-1908,good,1908,1
Sub-1909,bad,1909,0
Sub-1910,good,1910,1
Sub-1911,,1911,0
Sub-1912,good,1912,1
Sub-1913,good,1913,1
Sub-1914,good,1914,1
Sub-1915,good,1915,1
Sub-1916,bad,1916,0
Sub-1917,good,1917,1
Sub-1918,good,1918,1
Sub-1919,good,1919,1
Sub-1920,bad,1920,0
Sub-1921,good,1921,1
Sub-1922,good,1922,1
Sub-1923,bad,1923,0
Sub-1924,good,1924,1
Sub-1925,good,1925,1
Sub-1926,good,1926,1
Sub-1927,bad,1927,0
Sub-1928,bad,1928,0
Sub-1929,good,1929,1
Sub-1930,bad,1930,0
Sub-1931,good,1931,1
Sub-1932,bad,1932,0
Sub-1933,bad,1933,0
Sub-1934,good,1934,1
Sub-1935,bad,1935,0
Sub-1936,bad,1936,0
Sub-1937,good,1937,1
Sub-1938,good,1938,1
Sub-1939,good,1939,1
Sub-1940,bad,1940,0
Sub-1941,good,1941,1
Sub-1942,,1942,0
Sub-1943,bad,1943,0
Sub-1944,bad,1944,0
Sub-1945,good,1945,1
Sub-1946,good,1946,1
Sub-1947,,1947,0
Sub-1948,bad,1948,0
Sub-1949,good,1949,1
Sub-1950,bad,1950,0
Sub-1951,good,1951,1
Sub-1952,good,1952,1
Sub-1953,good,1953,1
Sub-1954,good,1954,1
Sub-1955,good,1955,1
Sub-1956,,1956,0
Sub-1957,bad,1957,0
Sub-1958,good,1958,1
Sub-1959,good,1959,1
Sub-1960,good,1960,1
Sub-1961,good,1961,1
Sub-1962,good,1962,1
Sub-1963,bad,1963,0
Sub-1964,good,1964,1
Sub-1965,bad,1965,0
Sub-1966,good,1966,1
Sub-1967,good,1967,1
Sub-1968,good,1968,1
Sub-1969,good,1969,1
Sub-1970,bad,1970,0
Sub-1971,bad,1971,0
Sub-1972,bad,1972,0
Sub-1973,bad,1973,0
Sub-1974,bad,1974,0
Sub-1975,,1975,0
Sub-1976,good,1976,1
Sub-1977,good,1977,1
Sub-1978,bad,1978,0
Sub-1979,good,1979,1
Sub-1980,good,1980,1
Sub-1981,good,1981,1
Sub-1982,good,1982,1
Sub-1983,good,1983,1
Sub-1984,good,1984,1
Sub-1985,bad,1985,0
Sub-1986,bad,1986,0
Sub-1987,good,1987,1
Sub-1988,good,1988,1
Sub-1989,good,1989,1
Sub-1990,good,1990,1
Sub-1991,good,1991,1
Sub-1992,bad,1992,0
Sub-1993,good,1993,1
Sub-1994,good,1994,1
Sub-1995,bad,1995,0
Sub-1996,bad,1996,0
Sub-1997,good,1997,1
Sub-1998,good,1998,1
Sub-1999,good,1999,1
Sub-2000,,2000,0
Sub-2001,good,2001,1
Sub-2002,good,2002,1
Sub-2003,good,2003,1
Sub-2004,good,2004,1
Sub-2005,good,2005,1
Sub-2006,bad,2006,0
Sub-2007,good,2007,1
Sub-2008,,2008,0
Sub-2009,good,2009,1
Sub-2010,good,2010,1
Sub-2011,good,2011,1
Sub-2012,good,2012,1
Sub-2013,,2013,0
Sub-2014,good,2014,1
Sub-2015,good,2015,1
Sub-2016,bad,2016,0
Sub-2017,good,2017,1
Sub-2018,good,2018,1
Sub-2019,good,2019,1
Sub-2020,good,2020,1
Sub-2021,good,2021,1
Sub-2022,good,2022,1
Sub-2023,good,2023,1
Sub-2024,good,2024,1
Sub-2025,good,2025,1
Sub-2026,good,2026,1
Sub-2027,good,2027,1
Sub-2028,good,2028,1
Sub-2029,bad,2029,0
Sub-2030,good,2030,1
Sub-2031,good,2031,1
Sub-2032,bad,2032,0
Sub-2033,bad,2033,0
Sub-2034,good,2034,1
Sub-2035,good,2035,1
Sub-2036,good,2036,1
Sub-2037,bad,2037,0
Sub-2038,good,2038,1
Sub-2039,good,2039,1
Sub-2040,good,2040,1
Sub-2041,bad,2041,0
Sub-2042,good,2042,1
Sub-2043,bad,2043,0
Sub-2044,good,2044,1
Sub-2045,good,2045,1
Sub-2046,good,2046,1
Sub-2047,good,2047,1
Sub-2048,good,2048,1
Sub-2049,good,2049,1
Sub-2050,good,2050,1
Sub-2051,good,2051,1
Sub-2052,bad,2052,0
Sub-2053,good,2053,1
Sub-2054,good,2054,1
Sub-2055,good,2055,1
Sub-2056,bad,2056,0
Sub-2057,good,2057,1
Sub-2058,bad,2058,0
Sub-2059,bad,2059,0
Sub-2060,good,2060,1
Sub-2061,good,2061,1
Sub-2062,bad,2062,0
Sub-2063,good,2063,1
Sub-2064,bad,2064,0
Sub-2065,good,2065,1
Sub-2066,good,2066,1
Sub-2067,good,2067,1
Sub-2068,bad,2068,0
Sub-2069,bad,2069,0
Sub-2070,good,2070,1
Sub-2071,good,2071,1
Sub-2072,good,2072,1
Sub-2073,good,2073,1
Sub-2074,bad,2074,0
Sub-2075,good,2075,1
Sub-2076,bad,2076,0
Sub-2077,bad,2077,0
Sub-2078,bad,2078,0
Sub-2079,good,2079,1
Sub-2080,good,2080,1
Sub-2081,,2081,0
Sub-2082,good,2082,1
Sub-2083,good,2083,1
Sub-2084,good,2084,1
Sub-2085,bad,2085,0
Sub-2086,good,2086,1
Sub-2087,good,2087,1
Sub-2088,bad,2088,0
Sub-2089,good,2089,1
Sub-2090,bad,2090,0
Sub-2091,bad,2091,0
Sub-2092,good,2092,1
Sub-2093,bad,2093,0
Sub-2094,good,2094,1
Sub-2095,good,2095,1
Sub-2096,good,2096,1
Sub-2097,good,2097,1
Sub-2098,good,2098,1
Sub-2099,good,2099,1
Sub-2100,good,2100,1
Sub-2101,good,2101,1
Sub-2102,good,2102,1
Sub-2103,good,2103,1
Sub-2104,bad,2104,0
Sub-2105,good,2105,1
Sub-2106,good,2106,1
Sub-2107,good,2107,1
Sub-2108,good,2108,1
Sub-2109,bad,2109,0
Sub-2110,good,2110,1
Sub-2111,good,2111,1
Sub-2112,good,2112,1
Sub-2113,good,2113,1
Sub-2114,good,2114,1
Sub-2115,good,2115,1
Sub-2116,good,2116,1
Sub-2117,bad,2117,0
Sub-2118,good,2118,1
Sub-2119,bad,2119,0
Sub-2120,good,2120,1
Sub-2121,good,2121,1
Sub-2122,bad,2122,0
Sub-2123,good,2123,1
Sub-2124,good,2124,1
Sub-2125,bad,2125,0
Sub-2126,good,2126,1
Sub-2127,good,2127,1
Sub-2128,good,2128,1
Sub-2129,good,2129,1
Sub-2130,good,2130,1
Sub-2131,good,2131,1
Sub-2132,bad,2132,0
Sub-2133,good,2133,1
Sub-2134,good,2134,1
Sub-2135,good,2135,1
Sub-2136,good,2136,1
Sub-2137,good,2137,1
Sub-2138,good,2138,1
Sub-2139,,2139,0
Sub-2140,bad,2140,0
Sub-2141,good,2141,1
Sub-2142,good,2142,1
Sub-2143,good,2143,1
Sub-2144,good,2144,1
Sub-2145,good,2145,1
Sub-2146,good,2146,1
Sub-2147,bad,2147,0
Sub-2148,good,2148,1
Sub-2149,good,2149,1
Sub-2150,good,2150,1
Sub-2151,good,2151,1
Sub-2152,good,2152,1
Sub-2153,good,2153,1
Sub-2154,good,2154,1
Sub-2155,good,2155,1
Sub-2156,,2156,0
Sub-2157,good,2157,1
Sub-2158,good,2158,1
Sub-2159,good,2159,1
Sub-2160,bad,2160,0
Sub-2161,good,2161,1
Sub-2162,good,2162,1
Sub-2163,bad,2163,0
Sub-2164,good,2164,1
Sub-2165,good,2165,1
Sub-2166,good,2166,1
Sub-2167,good,2167,1
Sub-2168,good,2168,1
Sub-2169,good,2169,1
Sub-2170,good,2170,1
Sub-2171,good,2171,1
Sub-2172,,2172,0
Sub-2173,good,2173,1
Sub-2174,,2174,0
Sub-2175,good,2175,1
Sub-2176,good,2176,1
Sub-2177,good,2177,1
Sub-2178,good,2178,1
Sub-2179,good,2179,1
Sub-2180,bad,2180,0
Sub-2181,good,2181,1
Sub-2182,good,2182,1
Sub-2183,good,2183,1
Sub-2184,good,2184,1
Sub-2185,good,2185,1
Sub-2186,good,2186,1
Sub-2187,good,2187,1
Sub-2188,bad,2188,0
Sub-2189,good,2189,1
Sub-2190,bad,2190,0
Sub-2191,good,2191,1
Sub-2192,good,2192,1
Sub-2193,good,2193,1
Sub-2194,,2194,0
Sub-2195,good,2195,1
Sub-2196,good,2196,1
Sub-2197,good,2197,1
Sub-2198,good,2198,1
Sub-2199,bad,2199,0
Sub-2200,bad,2200,0
Sub-2201,bad,2201,0
Sub-2202,good,2202,1
Sub-2203,good,2203,1
Sub-2204,good,2204,1
Sub-2205,good,2205,1
Sub-2206,good,2206,1
Sub-2207,good,2207,1
Sub-2208,bad,2208,0
Sub-2209,good,2209,1
Sub-2210,bad,2210,0
Sub-2211,good,2211,1
Sub-2212,good,2212,1
Sub-2213,good,2213,1
Sub-2214,good,2214,1
Sub-2215,good,2215,1
Sub-2216,good,2216,1
Sub-2217,good,2217,1
Sub-2218,,2218,0
Sub-2219,good,2219,1
Sub-2220,good,2220,1
Sub-2221,good,2221,1
Sub-2222,good,2222,1
Sub-2223,good,2223,1
Sub-2224,good,2224,1
Sub-2225,good,2225,1
Sub-2226,good,2226,1
Sub-2227,,2227,0
Sub-2228,good,2228,1
Sub-2229,good,2229,1
Sub-2230,good,2230,1
Sub-2231,bad,2231,0
Sub-2232,bad,2232,0
Sub-2233,bad,2233,0
Sub-2234,good,2234,1
Sub-2235,good,2235,1
Sub-2236,good,2236,1
Sub-2237,bad,2237,0
Sub-2238,bad,2238,0
Sub-2239,good,2239,1
Sub-2240,good,2240,1
Sub-2241,good,2241,1
Sub-2242,good,2242,1
Sub-2243,good,2243,1
Sub-2244,good,2244,1
Sub-2245,bad,2245,0
Sub-2246,good,2246,1
Sub-2247,good,2247,1
Sub-2248,good,2248,1
Sub-2249,good,2249,1
Sub-2250,good,2250,1
Sub-2251,good,2251,1
Sub-2252,,2252,0
Sub-2253,good,2253,1
Sub-2254,good,2254,1
Sub-2255,good,2255,1
Sub-2256,good,2256,1
Sub-2257,good,2257,1
Sub-2258,good,2258,1
Sub-2259,good,2259,1
Sub-2260,good,2260,1
Sub-2261,good,2261,1
Sub-2262,good,2262,1
Sub-2263,good,2263,1
Sub-2264,good,2264,1
Sub-2265,bad,2265,0
Sub-2266,good,2266,1
Sub-2267,bad,2267,0
Sub-2268,good,2268,1
Sub-2269,good,2269,1
Sub-2270,good,2270,1
Sub-2271,good,2271,1
Sub-2272,good,2272,1
Sub-2273,good,2273,1
Sub-2274,good,2274,1
Sub-2275,good,2275,1
Sub-2276,good,2276,1
Sub-2277,good,2277,1
Sub-2278,good,2278,1
Sub-2279,good,2279,1
Sub-2280,good,2280,1
Sub-2281,good,2281,1
Sub-2282,bad,2282,0
Sub-2283,good,2283,1
Sub-2284,good,2284,1
Sub-2285,good,2285,1
Sub-2286,good,2286,1
Sub-2287,good,2287,1
Sub-2288,good,2288,1
Sub-2289,good,2289,1
Sub-2290,bad,2290,0
Sub-2291,good,2291,1
Sub-2292,good,2292,1
Sub-2293,bad,2293,0
Sub-2294,good,2294,1
Sub-2295,good,2295,1
Sub-2296,good,2296,1
Sub-2297,good,2297,1
Sub-2298,good,2298,1
Sub-2299,bad,2299,0
Sub-2300,good,2300,1
Sub-2301,good,2301,1
Sub-2302,good,2302,1
Sub-2303,good,2303,1
Sub-2304,good,2304,1
Sub-2305,good,2305,1
Sub-2306,good,2306,1
Sub-2307,good,2307,1
Sub-2308,good,2308,1
Sub-2309,good,2309,1
Sub-2310,good,2310,1
Sub-2311,good,2311,1
Sub-2312,good,2312,1
Sub-2313,good,2313,1
Sub-2314,bad,2314,0
Sub-2315,good,2315,1
Sub-2316,good,2316,1
Sub-2317,good,2317,1
Sub-2318,good,2318,1
Sub-2319,good,2319,1
Sub-2320,bad,2320,0
Sub-2321,good,2321,1
Sub-2322,good,2322,1
Sub-2323,good,2323,1
Sub-2324,good,2324,1
Sub-2325,good,2325,1
Sub-2326,good,2326,1
Sub-2327,good,2327,1
Sub-2328,good,2328,1
Sub-2329,good,2329,1
Sub-2330,good,2330,1
Sub-2331,good,2331,1
Sub-2332,good,2332,1
Sub-2333,good,2333,1
Sub-2334,good,2334,1
Sub-2335,bad,2335,0
Sub-2336,good,2336,1
Sub-2337,bad,2337,0
Sub-2338,good,2338,1
Sub-2339,good,2339,1
Sub-2340,good,2340,1
Sub-2341,good,2341,1
Sub-2342,good,2342,1
Sub-2343,good,2343,1
Sub-2344,good,2344,1
Sub-2345,good,2345,1
Sub-2346,good,2346,1
Sub-2347,good,2347,1
Sub-2348,good,2348,1
Sub-2349,good,2349,1
Sub-2350,good,2350,1
Sub-2351,good,2351,1
Sub-2352,good,2352,1
Sub-2353,good,2353,1
Sub-2354,good,2354,1
Sub-2355,good,2355,1
Sub-2356,good,2356,1
Sub-2357,good,2357,1
Sub-2358,good,2358,1
Sub-2359,good,2359,1
Sub-2360,good,2360,1
Sub-2361,bad,2361,0
Sub-2362,good,2362,1
Sub-2363,bad,2363,0
Sub-2364,good,2364,1
Sub-2365,good,2365,1
Sub-2366,good,2366,1
Sub-2367,bad,2367,0
Sub-2368,bad,2368,0
Sub-2369,bad,2369,0
Sub-2370,good,2370,1
Sub-2371,good,2371,1
Sub-2372,good,2372,1
Sub-2373,good,2373,1
Sub-2374,bad,2374,0
Sub-2375,good,2375,1
Sub-2376,,2376,0
Sub-2377,,2377,0
Sub-2378,good,2378,1
Sub-2379,good,2379,1
Sub-2380,bad,2380,0
Sub-2381,,2381,0
Sub-2382,good,2382,1
Sub-2383,good,2383,1
Sub-2384,good,2384,1
Sub-2385,good,2385,1
Sub-2386,bad,2386,0
Sub-2387,good,2387,1
Sub-2388,good,2388,1
Sub-2389,,2389,0
Sub-2390,good,2390,1
Sub-2391,good,2391,1
Sub-2392,good,2392,1
Sub-2393,good,2393,1
Sub-2394,good,2394,1
Sub-2395,good,2395,1
Sub-2396,good,2396,1
Sub-2397,good,2397,1
Sub-2398,bad,2398,0
Sub-2399,good,2399,1
Sub-2400,,2400,0
Sub-2401,good,2401,1
Sub-2402,good,2402,1
Sub-2403,good,2403,1
Sub-2404,bad,2404,0
Sub-2405,good,2405,1
Sub-2406,good,2406,1
Sub-2407,good,2407,1
Sub-2408,good,2408,1
Sub-2409,good,2409,1
Sub-2410,bad,2410,0
Sub-2411,good,2411,1
Sub-2412,bad,2412,0
Sub-2413,good,2413,1
Sub-2414,bad,2414,0
Sub-2415,good,2415,1
Sub-2416,good,2416,1
Sub-2417,bad,2417,0
Sub-2418,bad,2418,0
Sub-2419,bad,2419,0
Sub-2420,good,2420,1
Sub-2421,good,2421,1
Sub-2422,good,2422,1
Sub-2423,good,2423,1
Sub-2424,good,2424,1
Sub-2425,bad,2425,0
Sub-2426,good,2426,1
Sub-2427,good,2427,1
Sub-2428,good,2428,1
Sub-2429,good,2429,1
Sub-2430,good,2430,1
Sub-2431,good,2431,1
Sub-2432,bad,2432,0
Sub-2433,good,2433,1
Sub-2434,bad,2434,0
Sub-2435,good,2435,1
Sub-2436,good,2436,1
Sub-2437,good,2437,1
Sub-2438,good,2438,1
Sub-2439,good,2439,1
Sub-2440,good,2440,1
Sub-2441,good,2441,1
Sub-2442,good,2442,1
Sub-2443,good,2443,1
Sub-2444,good,2444,1
Sub-2445,good,2445,1
Sub-2446,good,2446,1
Sub-2447,,2447,0
Sub-2448,good,2448,1
Sub-2449,bad,2449,0
Sub-2450,good,2450,1
Sub-2451,good,2451,1
Sub-2452,good,2452,1
Sub-2453,good,2453,1
Sub-2454,good,2454,1
Sub-2455,good,2455,1
Sub-2456,good,2456,1
Sub-2457,good,2457,1
Sub-2458,good,2458,1
Sub-2459,good,2459,1
Sub-2460,good,2460,1
Sub-2461,bad,2461,0
Sub-2462,good,2462,1
Sub-2463,good,2463,1
Sub-2464,good,2464,1
Sub-2465,bad,2465,0
Sub-2466,good,2466,1
Sub-2467,good,2467,1
Sub-2468,good,2468,1
Sub-2469,good,2469,1
Sub-2470,good,2470,1
Sub-2471,good,2471,1
Sub-2472,good,2472,1
Sub-2473,good,2473,1
Sub-2474,good,2474,1
Sub-2475,good,2475,1
Sub-2476,good,2476,1
Sub-2477,good,2477,1
Sub-2478,good,2478,1
Sub-2479,good,2479,1
Sub-2480,good,2480,1
Sub-2481,bad,2481,0
Sub-2482,good,2482,1
Sub-2483,good,2483,1
Sub-2484,good,2484,1
Sub-2485,good,2485,1
Sub-2486,bad,2486,0
Sub-2487,good,2487,1
Sub-2488,good,2488,1
Sub-2489,bad,2489,0
Sub-2490,good,2490,1
Sub-2491,good,2491,1
Sub-2492,good,2492,1
Sub-2493,,2493,0
Sub-2494,good,2494,1
Sub-2495,,2495,0
Sub-2496,good,2496,1
Sub-2497,good,2497,1
Sub-2498,good,2498,1
Sub-2499,good,2499,1
Sub-2500,good,2500,1
Sub-2501,good,2501,1
Sub-2502,,2502,0
Sub-2503,good,2503,1
Sub-2504,good,2504,1
Sub-2505,good,2505,1
Sub-2506,bad,2506,0
Sub-2507,good,2507,1
Sub-2508,good,2508,1
Sub-2509,good,2509,1
Sub-2510,bad,2510,0
Sub-2511,good,2511,1
Sub-2512,good,2512,1
Sub-2513,good,2513,1
Sub-2514,good,2514,1
Sub-2515,good,2515,1
Sub-2516,good,2516,1
Sub-2517,good,2517,1
Sub-2518,good,2518,1
Sub-2519,good,2519,1
Sub-2520,bad,2520,0
Sub-2521,good,2521,1
Sub-2522,good,2522,1
Sub-2523,good,2523,1
Sub-2524,good,2524,1
Sub-2525,good,2525,1
Sub-2526,bad,2526,0
Sub-2527,bad,2527,0
Sub-2528,bad,2528,0
Sub-2529,good,2529,1
Sub-2530,good,2530,1
Sub-2531,good,2531,1
Sub-2532,good,2532,1
Sub-2533,good,2533,1
Sub-2534,good,2534,1
Sub-2535,good,2535,1
Sub-2536,good,2536,1
Sub-2537,good,2537,1
Sub-2538,good,2538,1
Sub-2539,good,2539,1
Sub-2540,good,2540,1
Sub-2541,good,2541,1
Sub-2542,good,2542,1
Sub-2543,good,2543,1
Sub-2544,good,2544,1
Sub-2545,good,2545,1
Sub-2546,good,2546,1
Sub-2547,good,2547,1
Sub-2548,good,2548,1
Sub-2549,good,2549,1
Sub-2550,good,2550,1
Sub-2551,good,2551,1
Sub-2552,good,2552,1
Sub-2553,,2553,0
Sub-2554,good,2554,1
Sub-2555,bad,2555,0
Sub-2556,good,2556,1
Sub-2557,bad,2557,0
Sub-2558,good,2558,1
Sub-2559,good,2559,1
Sub-2560,good,2560,1
Sub-2561,good,2561,1
Sub-2562,good,2562,1
Sub-2563,good,2563,1
Sub-2564,bad,2564,0
Sub-2565,good,2565,1
Sub-2566,good,2566,1
Sub-2567,bad,2567,0
Sub-2568,good,2568,1
Sub-2569,good,2569,1
Sub-2570,good,2570,1
Sub-2571,good,2571,1
Sub-2572,good,2572,1
Sub-2573,good,2573,1
Sub-2574,good,2574,1
Sub-2575,good,2575,1
Sub-2576,good,2576,1
Sub-2577,good,2577,1
Sub-2578,bad,2578,0
Sub-2579,bad,2579,0
Sub-2580,good,2580,1
Sub-2581,good,2581,1
Sub-2582,good,2582,1
Sub-2583,good,2583,1
Sub-2584,good,2584,1
Sub-2585,,2585,0
Sub-2586,good,2586,1
Sub-2587,,2587,0
Sub-2588,good,2588,1
Sub-2589,good,2589,1
Sub-2590,bad,2590,0
Sub-2591,good,2591,1
Sub-2592,good,2592,1
Sub-2593,good,2593,1
Sub-2594,good,2594,1
Sub-2595,good,2595,1
Sub-2596,bad,2596,0
Sub-2597,good,2597,1
Sub-2598,good,2598,1
Sub-2599,good,2599,1
Sub-2600,good,2600,1
Sub-2601,good,2601,1
Sub-2602,good,2602,1
Sub-2603,bad,2603,0
Sub-2604,bad,2604,0
Sub-2605,good,2605,1
Sub-2606,good,2606,1
Sub-2607,,2607,0
Sub-2608,good,2608,1
Sub-2609,good,2609,1
Sub-2610,good,2610,1
Sub-2611,good,2611,1
Sub-2612,good,2612,1
Sub-2613,good,2613,1
Sub-2614,good,2614,1
Sub-2615,good,2615,1
Sub-2616,good,2616,1
Sub-2617,good,2617,1
Sub-2618,good,2618,1
Sub-2619,good,2619,1
Sub-2620,good,2620,1
Sub-2621,bad,2621,0
Sub-2622,good,2622,1
Sub-2623,good,2623,1
Sub-2624,good,2624,1
Sub-2625,good,2625,1
Sub-2626,bad,2626,0
Sub-2627,good,2627,1
Sub-2628,good,2628,1
Sub-2629,good,2629,1
Sub-2630,,2630,0
Sub-2631,good,2631,1
Sub-2632,good,2632,1
Sub-2633,good,2633,1
Sub-2634,good,2634,1
Sub-2635,good,2635,1
Sub-2636,good,2636,1
Sub-2637,good,2637,1
Sub-2638,good,2638,1
Sub-2639,bad,2639,0
Sub-2640,good,2640,1
Sub-2641,good,2641,1
Sub-2642,good,2642,1
Sub-2643,good,2643,1
Sub-2644,good,2644,1
Sub-2645,good,2645,1
Sub-2646,good,2646,1
Sub-2647,bad,2647,0
Sub-2648,good,2648,1
Sub-2649,good,2649,1
Sub-2650,good,2650,1
Sub-2651,good,2651,1
Sub-2652,good,2652,1
Sub-2653,good,2653,1
Sub-2654,,2654,0
Sub-2655,good,2655,1
Sub-2656,good,2656,1
Sub-2657,good,2657,1
Sub-2658,good,2658,1
Sub-2659,bad,2659,0
Sub-2660,good,2660,1
Sub-2661,good,2661,1
Sub-2662,good,2662,1
Sub-2663,good,2663,1
Sub-2664,good,2664,1
Sub-2665,good,2665,1
Sub-2666,good,2666,1
Sub-2667,good,2667,1
Sub-2668,bad,2668,0
Sub-2669,good,2669,1
Sub-2670,bad,2670,0
Sub-2671,good,2671,1
Sub-2672,good,2672,1
Sub-2673,good,2673,1
Sub-2674,good,2674,1
Sub-2675,good,2675,1
Sub-2676,bad,2676,0
Sub-2677,good,2677,1
Sub-2678,good,2678,1
Sub-2679,good,2679,1
Sub-2680,good,2680,1
Sub-2681,good,2681,1
Sub-2682,good,2682,1
Sub-2683,good,2683,1
Sub-2684,bad,2684,0
Sub-2685,good,2685,1
Sub-2686,good,2686,1
Sub-2687,good,2687,1
Sub-2688,good,2688,1
Sub-2689,good,2689,1
Sub-2690,good,2690,1
Sub-2691,good,2691,1
Sub-2692,good,2692,1
Sub-2693,good,2693,1
Sub-2694,good,2694,1
Sub-2695,good,2695,1
Sub-2696,good,2696,1
Sub-2697,good,2697,1
Sub-2698,bad,2698,0
Sub-2699,good,2699,1
Sub-2700,good,2700,1
Sub-2701,good,2701,1
Sub-2702,good,2702,1
Sub-2703,bad,2703,0
Sub-2704,good,2704,1
Sub-2705,good,2705,1
Sub-2706,good,2706,1
Sub-2707,good,2707,1
Sub-2708,good,2708,1
Sub-2709,bad,2709,0
Sub-2710,good,2710,1
Sub-2711,good,2711,1
Sub-2712,good,2712,1
Sub-2713,good,2713,1
Sub-2714,good,2714,1
Sub-2715,good,2715,1
Sub-2716,good,2716,1
Sub-2717,bad,2717,0
Sub-2718,good,2718,1
Sub-2719,good,2719,1
Sub-2720,good,2720,1
Sub-2721,,2721,0
Sub-2722,good,2722,1
Sub-2723,good,2723,1
Sub-2724,good,2724,1
Sub-2725,good,2725,1
Sub-2726,bad,2726,0
Sub-2727,good,2727,1
Sub-2728,good,2728,1
Sub-2729,good,2729,1
Sub-2730,good,2730,1
Sub-2731,good,2731,1
Sub-2732,good,2732,1
Sub-2733,bad,2733,0
Sub-2734,good,2734,1
Sub-2735,good,2735,1
Sub-2736,good,2736,1
Sub-2737,bad,2737,0
Sub-2738,good,2738,1
Sub-2739,good,2739,1
Sub-2740,good,2740,1
Sub-2741,good,2741,1
Sub-2742,good,2742,1
Sub-2743,good,2743,1
Sub-2744,good,2744,1
Sub-2745,good,2745,1
Sub-2746,good,2746,1
Sub-2747,good,2747,1
Sub-2748,bad,2748,0
Sub-2749,good,2749,1
Sub-2750,good,2750,1
Sub-2751,good,2751,1
Sub-2752,good,2752,1
Sub-2753,good,2753,1
Sub-2754,good,2754,1
Sub-2755,,2755,0
Sub-2756,good,2756,1
Sub-2757,good,2757,1
Sub-2758,good,2758,1
Sub-2759,good,2759,1
Sub-2760,good,2760,1
Sub-2761,bad,2761,0
Sub-2762,good,2762,1
Sub-2763,good,2763,1
Sub-2764,good,2764,1
Sub-2765,good,2765,1
Sub-2766,good,2766,1
Sub-2767,bad,2767,0
Sub-2768,good,2768,1
Sub-2769,good,2769,1
Sub-2770,good,2770,1
Sub-2771,good,2771,1
Sub-2772,good,2772,1
Sub-2773,good,2773,1
Sub-2774,good,2774,1
Sub-2775,good,2775,1
Sub-2776,good,2776,1
Sub-2777,bad,2777,0
Sub-2778,,2778,0
Sub-2779,good,2779,1
Sub-2780,bad,2780,0
Sub-2781,bad,2781,0
Sub-2782,good,2782,1
Sub-2783,good,2783,1
Sub-2784,,2784,0
Sub-2785,good,2785,1
Sub-2786,good,2786,1
Sub-2787,bad,2787,0
Sub-2788,good,2788,1
Sub-2789,good,2789,1
Sub-2790,good,2790,1
Sub-2791,good,2791,1
Sub-2792,good,2792,1
Sub-2793,good,2793,1
Sub-2794,good,2794,1
Sub-2795,bad,2795,0
Sub-2796,bad,2796,0
Sub-2797,good,2797,1
Sub-2798,good,2798,1
Sub-2799,good,2799,1
Sub-2800,good,2800,1
Sub-2801,good,2801,1
Sub-2802,good,2802,1
Sub-2803,good,2803,1
Sub-2804,good,2804,1
Sub-2805,good,2805,1
Sub-2806,bad,2806,0
Sub-2807,good,2807,1
Sub-2808,,2808,0
Sub-2809,good,2809,1
Sub-2810,good,2810,1
Sub-2811,bad,2811,0
Sub-2812,good,2812,1
Sub-2813,good,2813,1
Sub-2814,good,2814,1
Sub-2815,good,2815,1
Sub-2816,good,2816,1
Sub-2817,good,2817,1
Sub-2818,good,2818,1
Sub-2819,good,2819,1
Sub-2820,good,2820,1
Sub-2821,good,2821,1
Sub-2822,good,2822,1
Sub-2823,bad,2823,0
Sub-2824,good,2824,1
Sub-2825,good,2825,1
Sub-2826,good,2826,1
Sub-2827,good,2827,1
Sub-2828,good,2828,1
Sub-2829,good,2829,1
Sub-2830,good,2830,1
Sub-2831,good,2831,1
Sub-2832,good,2832,1
Sub-2833,bad,2833,0
Sub-2834,good,2834,1
Sub-2835,good,2835,1
Sub-2836,good,2836,1
Sub-2837,good,2837,1
Sub-2838,good,2838,1
Sub-2839,good,2839,1
Sub-2840,good,2840,1
Sub-2841,good,2841,1
Sub-2842,good,2842,1
Sub-2843,good,2843,1
Sub-2844,good,2844,1
Sub-2845,good,2845,1
Sub-2846,good,2846,1
Sub-2847,bad,2847,0
Sub-2848,good,2848,1
Sub-2849,good,2849,1
Sub-2850,good,2850,1
Sub-2851,good,2851,1
Sub-2852,good,2852,1
Sub-2853,good,2853,1
Sub-2854,good,2854,1
Sub-2855,good,2855,1
Sub-2856,bad,2856,0
Sub-2857,good,2857,1
Sub-2858,good,2858,1
Sub-2859,good,2859,1
Sub-2860,good,2860,1
Sub-2861,good,2861,1
Sub-2862,good,2862,1
Sub-2863,good,2863,1
Sub-2864,good,2864,1
Sub-2865,good,2865,1
Sub-2866,bad,2866,0
Sub-2867,good,2867,1
Sub-2868,good,2868,1
Sub-2869,good,2869,1
Sub-2870,good,2870,1
Sub-2871,good,2871,1
Sub-2872,good,2872,1
Sub-2873,good,2873,1
Sub-2874,good,2874,1
Sub-2875,bad,2875,0
Sub-2876,good,2876,1
Sub-2877,good,2877,1
Sub-2878,good,2878,1
Sub-2879,good,2879,1
Sub-2880,good,2880,1
Sub-2881,good,2881,1
Sub-2882,good,2882,1
Sub-2883,good,2883,1
Sub-2884,good,2884,1
Sub-2885,bad,2885,0
Sub-2886,bad,2886,0
Sub-2887,good,2887,1
Sub-2888,good,2888,1
Sub-2889,bad,2889,0
Sub-2890,bad,2890,0
Sub-2891,good,2891,1
Sub-2892,good,2892,1
Sub-2893,bad,2893,0
Sub-2894,bad,2894,0
Sub-2895,good,2895,1
Sub-2896,good,2896,1
Sub-2897,good,2897,1
Sub-2898,good,2898,1
Sub-2899,bad,2899,0
Sub-2900,good,2900,1
Sub-2901,good,2901,1
Sub-2902,good,2902,1
Sub-2903,good,2903,1
Sub-2904,good,2904,1
Sub-2905,good,2905,1
Sub-2906,good,2906,1
Sub-2907,bad,2907,0
Sub-2908,bad,2908,0
Sub-2909,good,2909,1
Sub-2910,good,2910,1
Sub-2911,good,2911,1
Sub-2912,good,2912,1
Sub-2913,good,2913,1
Sub-2914,good,2914,1
Sub-2915,good,2915,1
Sub-2916,good,2916,1
Sub-2917,bad,2917,0
Sub-2918,good,2918,1
Sub-2919,good,2919,1
Sub-2920,good,2920,1
Sub-2921,bad,2921,0
Sub-2922,good,2922,1
Sub-2923,good,2923,1
Sub-2924,good,2924,1
Sub-2925,good,2925,1
Sub-2926,good,2926,1
Sub-2927,good,2927,1
Sub-2928,good,2928,1
Sub-2929,good,2929,1
Sub-2930,good,2930,1
Sub-2931,good,2931,1
Sub-2932,good,2932,1
Sub-2933,bad,2933,0
Sub-2934,good,2934,1
Sub-2935,good,2935,1
Sub-2936,bad,2936,0
Sub-2937,good,2937,1
Sub-2938,bad,2938,0
Sub-2939,good,2939,1
Sub-2940,good,2940,1
Sub-2941,good,2941,1
Sub-2942,good,2942,1
Sub-2943,good,2943,1
Sub-2944,good,2944,1
Sub-2945,good,2945,1
Sub-2946,good,2946,1
Sub-2947,good,2947,1
Sub-2948,bad,2948,0
Sub-2949,good,2949,1
Sub-2950,good,2950,1
Sub-2951,good,2951,1
Sub-2952,bad,2952,0
Sub-2953,good,2953,1
Sub-2954,,2954,0
Sub-2955,bad,2955,0
Sub-2956,good,2956,1
Sub-2957,good,2957,1
Sub-2958,good,2958,1
Sub-2959,good,2959,1
Sub-2960,,2960,0
Sub-2961,good,2961,1
Sub-2962,good,2962,1
Sub-2963,good,2963,1
Sub-2964,good,2964,1
Sub-2965,good,2965,1
Sub-2966,good,2966,1
Sub-2967,good,2967,1
Sub-2968,good,2968,1
Sub-2969,good,2969,1
Sub-2970,good,2970,1
Sub-2971,good,2971,1
Sub-2972,good,2972,1
Sub-2973,good,2973,1
Sub-2974,bad,2974,0
Sub-2975,,2975,0
Sub-2976,good,2976,1
Sub-2977,good,2977,1
Sub-2978,good,2978,1
Sub-2979,bad,2979,0
Sub-2980,,2980,0
Sub-2981,good,2981,1
Sub-2982,good,2982,1
Sub-2983,good,2983,1
Sub-2984,good,2984,1
Sub-2985,good,2985,1
Sub-2986,bad,2986,0
Sub-2987,good,2987,1
Sub-2988,,2988,0
Sub-2989,bad,2989,0
Sub-2990,,2990,0
Sub-2991,good,2991,1
Sub-2992,bad,2992,0
Sub-2993,bad,2993,0
Sub-2994,good,2994,1
Sub-2995,good,2995,1
Sub-2996,bad,2996,0
Sub-2997,good,2997,1
Sub-2998,good,2998,1
Sub-2999,bad,2999,0
Sub-3000,good,3000,1
Sub-3001,good,3001,1
Sub-3002,,3002,0
Sub-3003,good,3003,1
Sub-3004,good,3004,1
Sub-3005,good,3005,1
Sub-3006,good,3006,1
Sub-3007,good,3007,1
Sub-3008,good,3008,1
Sub-3009,good,3009,1
Sub-3010,good,3010,1
Sub-3011,good,3011,1
Sub-3012,good,3012,1
Sub-3013,bad,3013,0
Sub-3014,good,3014,1
Sub-3015,good,3015,1
Sub-3016,good,3016,1
Sub-3017,good,3017,1
Sub-3018,good,3018,1
Sub-3019,good,3019,1
Sub-3020,good,3020,1
Sub-3021,good,3021,1
Sub-3022,good,3022,1
Sub-3023,good,3023,1
Sub-3024,good,3024,1
Sub-3025,good,3025,1
Sub-3026,good,3026,1
Sub-3027,,3027,0
Sub-3028,good,3028,1
Sub-3029,good,3029,1
Sub-3030,good,3030,1
Sub-3031,good,3031,1
Sub-3032,good,3032,1
Sub-3033,good,3033,1
Sub-3034,good,3034,1
Sub-3035,good,3035,1
Sub-3036,good,3036,1
Sub-3037,good,3037,1
Sub-3038,good,3038,1
Sub-3039,good,3039,1
Sub-3040,good,3040,1
Sub-3041,good,3041,1
Sub-3042,good,3042,1
Sub-3043,good,3043,1
Sub-3044,good,3044,1
Sub-3045,good,3045,1
Sub-3046,good,3046,1
Sub-3047,good,3047,1
Sub-3048,good,3048,1
Sub-3049,good,3049,1
Sub-3050,bad,3050,0
Sub-3051,good,3051,1
Sub-3052,good,3052,1
Sub-3053,good,3053,1
Sub-3054,bad,3054,0
Sub-3055,good,3055,1
Sub-3056,good,3056,1
Sub-3057,good,3057,1
Sub-3058,good,3058,1
Sub-3059,good,3059,1
Sub-3060,good,3060,1
Sub-3061,good,3061,1
Sub-3062,bad,3062,0
Sub-3063,good,3063,1
Sub-3064,good,3064,1
Sub-3065,good,3065,1
Sub-3066,good,3066,1
Sub-3067,good,3067,1
Sub-3068,bad,3068,0
Sub-3069,good,3069,1
Sub-3070,good,3070,1
Sub-3071,good,3071,1
Sub-3072,good,3072,1
Sub-3073,good,3073,1
Sub-3074,good,3074,1
Sub-3075,good,3075,1
Sub-3076,good,3076,1
Sub-3077,,3077,0
Sub-3078,good,3078,1
Sub-3079,good,3079,1
Sub-3080,good,3080,1
Sub-3081,good,3081,1
Sub-3082,good,3082,1
Sub-3083,good,3083,1
Sub-3084,good,3084,1
Sub-3085,,3085,0
Sub-3086,bad,3086,0
Sub-3087,good,3087,1
Sub-3088,good,3088,1
Sub-3089,good,3089,1
Sub-3090,good,3090,1
Sub-3091,bad,3091,0
Sub-3092,bad,3092,0
Sub-3093,good,3093,1
Sub-3094,good,3094,1
Sub-3095,good,3095,1
Sub-3096,good,3096,1
Sub-3097,good,3097,1
Sub-3098,good,3098,1
Sub-3099,good,3099,1
Sub-3100,good,3100,1
Sub-3101,good,3101,1
Sub-3102,good,3102,1
Sub-3103,good,3103,1
Sub-3104,good,3104,1
Sub-3105,good,3105,1
Sub-3106,good,3106,1
Sub-3107,good,3107,1
Sub-3108,good,3108,1
Sub-3109,good,3109,1
Sub-3110,good,3110,1
Sub-3111,good,3111,1
Sub-3112,good,3112,1
Sub-3113,good,3113,1
Sub-3114,bad,3114,0
Sub-3115,good,3115,1
Sub-3116,good,3116,1
Sub-3117,good,3117,1
Sub-3118,good,3118,1
Sub-3119,good,3119,1
Sub-3120,good,3120,1
Sub-3121,good,3121,1
Sub-3122,good,3122,1
Sub-3123,bad,3123,0
Sub-3124,bad,3124,0
Sub-3125,good,3125,1
Sub-3126,good,3126,1
Sub-3127,good,3127,1
Sub-3128,good,3128,1
Sub-3129,good,3129,1
Sub-3130,good,3130,1
Sub-3131,bad,3131,0
Sub-3132,good,3132,1
Sub-3133,good,3133,1
Sub-3134,good,3134,1
Sub-3135,good,3135,1
Sub-3136,good,3136,1
Sub-3137,good,3137,1
Sub-3138,good,3138,1
Sub-3139,good,3139,1
Sub-3140,good,3140,1
Sub-3141,good,3141,1
Sub-3142,good,3142,1
Sub-3143,good,3143,1
Sub-3144,good,3144,1
Sub-3145,good,3145,1
Sub-3146,good,3146,1
Sub-3147,good,3147,1
Sub-3148,good,3148,1
Sub-3149,good,3149,1
Sub-3150,good,3150,1
Sub-3151,good,3151,1
Sub-3152,good,3152,1
Sub-3153,bad,3153,0
Sub-3154,good,3154,1
Sub-3155,good,3155,1
Sub-3156,bad,3156,0
Sub-3157,good,3157,1
Sub-3158,good,3158,1
Sub-3159,good,3159,1
Sub-3160,bad,3160,0
Sub-3161,good,3161,1
Sub-3162,good,3162,1
Sub-3163,good,3163,1
Sub-3164,good,3164,1
Sub-3165,good,3165,1
Sub-3166,good,3166,1
Sub-3167,good,3167,1
Sub-3168,good,3168,1
Sub-3169,good,3169,1
Sub-3170,bad,3170,0
Sub-3171,good,3171,1
Sub-3172,good,3172,1
Sub-3173,good,3173,1
Sub-3174,,3174,0
Sub-3175,bad,3175,0
Sub-3176,good,3176,1
Sub-3177,good,3177,1
Sub-3178,good,3178,1
Sub-3179,good,3179,1
Sub-3180,good,3180,1
Sub-3181,good,3181,1
Sub-3182,good,3182,1
Sub-3183,bad,3183,0
Sub-3184,good,3184,1
Sub-3185,good,3185,1
Sub-3186,bad,3186,0
Sub-3187,good,3187,1
Sub-3188,good,3188,1
Sub-3189,good,3189,1
Sub-3190,good,3190,1
Sub-3191,good,3191,1
Sub-3192,good,3192,1
Sub-3193,good,3193,1
Sub-3194,good,3194,1
Sub-3195,good,3195,1
Sub-3196,good,3196,1
Sub-3197,bad,3197,0
Sub-3198,good,3198,1
Sub-3199,good,3199,1
Sub-3200,good,3200,1
Sub-3201,,3201,0
Sub-3202,good,3202,1
Sub-3203,good,3203,1
Sub-3204,good,3204,1
Sub-3205,good,3205,1
Sub-3206,good,3206,1
Sub-3207,good,3207,1
Sub-3208,good,3208,1
Sub-3209,good,3209,1
Sub-3210,good,3210,1
Sub-3211,good,3211,1
Sub-3212,good,3212,1
Sub-3213,bad,3213,0
Sub-3214,bad,3214,0
Sub-3215,bad,3215,0
Sub-3216,good,3216,1
Sub-3217,good,3217,1
Sub-3218,bad,3218,0
Sub-3219,bad,3219,0
Sub-3220,good,3220,1
Sub-3221,good,3221,1
Sub-3222,good,3222,1
Sub-3223,good,3223,1
Sub-3224,good,3224,1
Sub-3225,good,3225,1
Sub-3226,good,3226,1
Sub-3227,good,3227,1
Sub-3228,good,3228,1
Sub-3229,good,3229,1
Sub-3230,bad,3230,0
Sub-3231,good,3231,1
Sub-3232,good,3232,1
Sub-3233,good,3233,1
Sub-3234,good,3234,1
Sub-3235,good,3235,1
Sub-3236,bad,3236,0
Sub-3237,good,3237,1
Sub-3238,good,3238,1
Sub-3239,good,3239,1
Sub-3240,good,3240,1
Sub-3241,good,3241,1
Sub-3242,good,3242,1
Sub-3243,good,3243,1
Sub-3244,good,3244,1
Sub-3245,good,3245,1
Sub-3246,good,3246,1
Sub-3247,good,3247,1
Sub-3248,good,3248,1
Sub-3249,good,3249,1
Sub-3250,good,3250,1
Sub-3251,good,3251,1
Sub-3252,good,3252,1
Sub-3253,bad,3253,0
Sub-3254,good,3254,1
Sub-3255,good,3255,1
Sub-3256,good,3256,1
Sub-3257,bad,3257,0
Sub-3258,good,3258,1
Sub-3259,good,3259,1
Sub-3260,good,3260,1
Sub-3261,good,3261,1
Sub-3262,good,3262,1
Sub-3263,good,3263,1
Sub-3264,good,3264,1
Sub-3265,bad,3265,0
Sub-3266,good,3266,1
Sub-3267,good,3267,1
Sub-3268,good,3268,1
Sub-3269,good,3269,1
Sub-3270,good,3270,1
Sub-3271,good,3271,1
Sub-3272,good,3272,1
Sub-3273,good,3273,1
Sub-3274,good,3274,1
Sub-3275,good,3275,1
Sub-3276,good,3276,1
Sub-3277,good,3277,1
Sub-3278,good,3278,1
Sub-3279,good,3279,1
Sub-3280,bad,3280,0
Sub-3281,good,3281,1
Sub-3282,good,3282,1
Sub-3283,good,3283,1
Sub-3284,bad,3284,0
Sub-3285,bad,3285,0
Sub-3286,good,3286,1
Sub-3287,good,3287,1
Sub-3288,good,3288,1
Sub-3289,good,3289,1
Sub-3290,good,3290,1
Sub-3291,bad,3291,0
Sub-3292,good,3292,1
Sub-3293,good,3293,1
Sub-3294,bad,3294,0
Sub-3295,good,3295,1
Sub-3296,good,3296,1
Sub-3297,good,3297,1
Sub-3298,good,3298,1
Sub-3299,good,3299,1
Sub-3300,good,3300,1
Sub-3301,good,3301,1
Sub-3302,good,3302,1
Sub-3303,good,3303,1
Sub-3304,good,3304,1
Sub-3305,good,3305,1
Sub-3306,bad,3306,0
Sub-3307,good,3307,1
Sub-3308,good,3308,1
Sub-3309,good,3309,1
Sub-3310,bad,3310,0
Sub-3311,good,3311,1
Sub-3312,bad,3312,0
Sub-3313,good,3313,1
Sub-3314,good,3314,1
Sub-3315,bad,3315,0
Sub-3316,good,3316,1
Sub-3317,good,3317,1
Sub-3318,good,3318,1
Sub-3319,good,3319,1
Sub-3320,good,3320,1
Sub-3321,good,3321,1
Sub-3322,,3322,0
Sub-3323,good,3323,1
Sub-3324,bad,3324,0
Sub-3325,good,3325,1
Sub-3326,good,3326,1
Sub-3327,good,3327,1
Sub-3328,good,3328,1
Sub-3329,good,3329,1
Sub-3330,good,3330,1
Sub-3331,good,3331,1
Sub-3332,good,3332,1
Sub-3333,good,3333,1
Sub-3334,good,3334,1
Sub-3335,good,3335,1
Sub-3336,good,3336,1
Sub-3337,good,3337,1
Sub-3338,good,3338,1
Sub-3339,good,3339,1
Sub-3340,good,3340,1
Sub-3341,good,3341,1
Sub-3342,good,3342,1
Sub-3343,good,3343,1
Sub-3344,good,3344,1
Sub-3345,good,3345,1
Sub-3346,good,3346,1
Sub-3347,good,3347,1
Sub-3348,good,3348,1
Sub-3349,good,3349,1
Sub-3350,good,3350,1
Sub-3351,good,3351,1
Sub-3352,good,3352,1
Sub-3353,good,3353,1
Sub-3354,good,3354,1
Sub-3355,good,3355,1
Sub-3356,good,3356,1
Sub-3357,bad,3357,0
Sub-3358,bad,3358,0
Sub-3359,good,3359,1
Sub-3360,good,3360,1
Sub-3361,bad,3361,0
Sub-3362,good,3362,1
Sub-3363,good,3363,1
Sub-3364,bad,3364,0
Sub-3365,good,3365,1
Sub-3366,good,3366,1
Sub-3367,bad,3367,0
Sub-3368,good,3368,1
Sub-3369,good,3369,1
Sub-3370,bad,3370,0
Sub-3371,bad,3371,0
Sub-3372,good,3372,1
Sub-3373,good,3373,1
Sub-3374,good,3374,1
Sub-3375,good,3375,1
Sub-3376,good,3376,1
Sub-3377,good,3377,1
Sub-3378,bad,3378,0
Sub-3379,bad,3379,0
Sub-3380,good,3380,1
Sub-3381,good,3381,1
Sub-3382,good,3382,1
Sub-3383,bad,3383,0
Sub-3384,good,3384,1
Sub-3385,bad,3385,0
Sub-3386,good,3386,1
Sub-3387,good,3387,1
Sub-3388,good,3388,1
Sub-3389,good,3389,1
Sub-3390,bad,3390,0
Sub-3391,good,3391,1
Sub-3392,good,3392,1
Sub-3393,good,3393,1
Sub-3394,bad,3394,0
Sub-3395,bad,3395,0
Sub-3396,good,3396,1
Sub-3397,good,3397,1
Sub-3398,bad,3398,0
Sub-3399,good,3399,1
Sub-3400,good,3400,1
Sub-3401,good,3401,1
Sub-3402,good,3402,1
Sub-3403,,3403,0
Sub-3404,good,3404,1
Sub-3405,good,3405,1
Sub-3406,good,3406,1
Sub-3407,good,3407,1
Sub-3408,bad,3408,0
Sub-3409,good,3409,1
Sub-3410,good,3410,1
Sub-3411,good,3411,1
Sub-3412,good,3412,1
Sub-3413,good,3413,1
Sub-3414,good,3414,1
Sub-3415,good,3415,1
Sub-3416,good,3416,1
Sub-3417,good,3417,1
Sub-3418,good,3418,1
Sub-3419,good,3419,1
Sub-3420,good,3420,1
Sub-3421,good,3421,1
Sub-3422,bad,3422,0
Sub-3423,good,3423,1
Sub-3424,good,3424,1
Sub-3425,good,3425,1
Sub-3426,good,3426,1
Sub-3427,good,3427,1
Sub-3428,bad,3428,0
Sub-3429,good,3429,1
Sub-3430,good,3430,1
Sub-3431,good,3431,1
Sub-3432,bad,3432,0
Sub-3433,good,3433,1
Sub-3434,good,3434,1
Sub-3435,good,3435,1
Sub-3436,good,3436,1
Sub-3437,good,3437,1
Sub-3438,good,3438,1
Sub-3439,good,3439,1
Sub-3440,good,3440,1
Sub-3441,good,3441,1
Sub-3442,,3442,0
Sub-3443,good,3443,1
Sub-3444,bad,3444,0
Sub-3445,good,3445,1
Sub-3446,good,3446,1
Sub-3447,good,3447,1
Sub-3448,good,3448,1
Sub-3449,good,3449,1
Sub-3450,good,3450,1
Sub-3451,good,3451,1
Sub-3452,good,3452,1
Sub-3453,bad,3453,0
Sub-3454,good,3454,1
Sub-3455,good,3455,1
Sub-3456,,3456,0
Sub-3457,good,3457,1
Sub-3458,good,3458,1
Sub-3459,good,3459,1
Sub-3460,good,3460,1
Sub-3461,good,3461,1
Sub-3462,good,3462,1
Sub-3463,good,3463,1
Sub-3464,bad,3464,0
Sub-3465,good,3465,1
Sub-3466,good,3466,1
Sub-3467,good,3467,1
Sub-3468,bad,3468,0
Sub-3469,good,3469,1
Sub-3470,good,3470,1
Sub-3471,good,3471,1
Sub-3472,good,3472,1
Sub-3473,bad,3473,0
Sub-3474,good,3474,1
Sub-3475,good,3475,1
Sub-3476,good,3476,1
Sub-3477,good,3477,1
Sub-3478,good,3478,1
Sub-3479,good,3479,1
Sub-3480,,3480,0
Sub-3481,,3481,0
Sub-3482,good,3482,1
Sub-3483,good,3483,1
Sub-3484,good,3484,1
Sub-3485,good,3485,1
Sub-3486,bad,3486,0
Sub-3487,good,3487,1
Sub-3488,good,3488,1
Sub-3489,bad,3489,0
Sub-3490,good,3490,1
Sub-3491,,3491,0
Sub-3492,good,3492,1
Sub-3493,good,3493,1
Sub-3494,good,3494,1
Sub-3495,,3495,0
Sub-3496,good,3496,1
Sub-3497,good,3497,1
Sub-3498,bad,3498,0
Sub-3499,good,3499,1
Sub-3500,bad,3500,0
Sub-3501,good,3501,1
Sub-3502,good,3502,1
Sub-3503,good,3503,1
Sub-3504,good,3504,1
Sub-3505,good,3505,1
Sub-3506,bad,3506,0
Sub-3507,good,3507,1
Sub-3508,good,3508,1
Sub-3509,bad,3509,0
Sub-3510,bad,3510,0
Sub-3511,bad,3511,0
Sub-3512,good,3512,1
Sub-3513,good,3513,1
Sub-3514,good,3514,1
Sub-3515,good,3515,1
Sub-3516,bad,3516,0
Sub-3517,bad,3517,0
Sub-3518,good,3518,1
Sub-3519,good,3519,1
Sub-3520,good,3520,1
Sub-3521,good,3521,1
Sub-3522,good,3522,1
Sub-3523,good,3523,1
Sub-3524,good,3524,1
Sub-3525,good,3525,1
Sub-3526,good,3526,1
Sub-3527,good,3527,1
Sub-3528,good,3528,1
Sub-3529,,3529,0
Sub-3530,bad,3530,0
Sub-3531,bad,3531,0
Sub-3532,good,3532,1
Sub-3533,good,3533,1
Sub-3534,good,3534,1
Sub-3535,bad,3535,0
Sub-3536,good,3536,1
Sub-3537,good,3537,1
Sub-3538,good,3538,1
Sub-3539,good,3539,1
Sub-3540,good,3540,1
Sub-3541,good,3541,1
Sub-3542,good,3542,1
Sub-3543,good,3543,1
Sub-3544,good,3544,1
Sub-3545,good,3545,1
Sub-3546,good,3546,1
Sub-3547,good,3547,1
Sub-3548,bad,3548,0
Sub-3549,bad,3549,0
Sub-3550,good,3550,1
Sub-3551,good,3551,1
Sub-3552,good,3552,1
Sub-3553,,3553,0
Sub-3554,bad,3554,0
Sub-3555,good,3555,1
Sub-3556,good,3556,1
Sub-3557,good,3557,1
Sub-3558,bad,3558,0
Sub-3559,good,3559,1
Sub-3560,good,3560,1
Sub-3561,good,3561,1
Sub-3562,good,3562,1
Sub-3563,bad,3563,0
Sub-3564,bad,3564,0
Sub-3565,good,3565,1
Sub-3566,good,3566,1
Sub-3567,good,3567,1
Sub-3568,good,3568,1
Sub-3569,good,3569,1
Sub-3570,good,3570,1
Sub-3571,good,3571,1
Sub-3572,good,3572,1
Sub-3573,good,3573,1
Sub-3574,good,3574,1
Sub-3575,good,3575,1
Sub-3576,good,3576,1
Sub-3577,good,3577,1
Sub-3578,good,3578,1
Sub-3579,good,3579,1
Sub-3580,good,3580,1
Sub-3581,good,3581,1
Sub-3582,,3582,0
Sub-3583,good,3583,1
Sub-3584,good,3584,1
Sub-3585,good,3585,1
Sub-3586,good,3586,1
Sub-3587,good,3587,1
Sub-3588,good,3588,1
Sub-3589,good,3589,1
Sub-3590,good,3590,1
Sub-3591,good,3591,1
Sub-3592,good,3592,1
Sub-3593,good,3593,1
Sub-3594,good,3594,1
Sub-3595,good,3595,1
Sub-3596,good,3596,1
Sub-3597,good,3597,1
Sub-3598,good,3598,1
Sub-3599,bad,3599,0
Sub-3600,good,3600,1
Sub-3601,good,3601,1
Sub-3602,,3602,0
Sub-3603,good,3603,1
Sub-3604,good,3604,1
Sub-3605,good,3605,1
Sub-3606,good,3606,1
Sub-3607,good,3607,1
Sub-3608,good,3608,1
Sub-3609,bad,3609,0
Sub-3610,good,3610,1
Sub-3611,good,3611,1
Sub-3612,good,3612,1
Sub-3613,good,3613,1
Sub-3614,good,3614,1
Sub-3615,good,3615,1
Sub-3616,good,3616,1
Sub-3617,good,3617,1
Sub-3618,good,3618,1
Sub-3619,good,3619,1
Sub-3620,good,3620,1
Sub-3621,good,3621,1
Sub-3622,good,3622,1
Sub-3623,good,3623,1
Sub-3624,bad,3624,0
Sub-3625,bad,3625,0
Sub-3626,good,3626,1
Sub-3627,bad,3627,0
Sub-3628,good,3628,1
Sub-3629,,3629,0
Sub-3630,bad,3630,0
Sub-3631,bad,3631,0
Sub-3632,good,3632,1
Sub-3633,good,3633,1
Sub-3634,good,3634,1
Sub-3635,,3635,0
Sub-3636,good,3636,1
Sub-3637,good,3637,1
Sub-3638,,3638,0
Sub-3639,good,3639,1
Sub-3640,,3640,0
Sub-3641,good,3641,1
Sub-3642,good,3642,1
Sub-3643,good,3643,1
Sub-3644,,3644,0
Sub-3645,good,3645,1
Sub-3646,good,3646,1
Sub-3647,good,3647,1
Sub-3648,good,3648,1
Sub-3649,good,3649,1
Sub-3650,good,3650,1
Sub-3651,,3651,0
Sub-3652,good,3652,1
Sub-3653,good,3653,1
Sub-3654,,3654,0
Sub-3655,good,3655,1
Sub-3656,good,3656,1
Sub-3657,good,3657,1
Sub-3658,good,3658,1
Sub-3659,good,3659,1
Sub-3660,good,3660,1
Sub-3661,good,3661,1
Sub-3662,good,3662,1
Sub-3663,good,3663,1
Sub-3664,good,3664,1
Sub-3665,bad,3665,0
Sub-3666,good,3666,1
Sub-3667,good,3667,1
Sub-3668,good,3668,1
Sub-3669,good,3669,1
Sub-3670,good,3670,1
Sub-3671,bad,3671,0
Sub-3672,good,3672,1
Sub-3673,good,3673,1
Sub-3674,good,3674,1
Sub-3675,good,3675,1
Sub-3676,good,3676,1
Sub-3677,good,3677,1
Sub-3678,,3678,0
Sub-3679,,3679,0
Sub-3680,good,3680,1
Sub-3681,good,3681,1
Sub-3682,good,3682,1
Sub-3683,good,3683,1
Sub-3684,good,3684,1
Sub-3685,good,3685,1
Sub-3686,good,3686,1
Sub-3687,,3687,0
Sub-3688,good,3688,1
Sub-3689,,3689,0
Sub-3690,,3690,0
Sub-3691,good,3691,1
Sub-3692,bad,3692,0
Sub-3693,,3693,0
Sub-3694,good,3694,1
Sub-3695,good,3695,1
Sub-3696,good,3696,1
Sub-3697,good,3697,1
Sub-3698,good,3698,1
Sub-3699,,3699,0
Sub-3700,good,3700,1
Sub-3701,,3701,0
Sub-3702,good,3702,1
Sub-3703,good,3703,1
Sub-3704,good,3704,1
Sub-3705,good,3705,1
Sub-3706,good,3706,1
Sub-3707,good,3707,1
Sub-3708,good,3708,1
Sub-3709,bad,3709,0
Sub-3710,good,3710,1
Sub-3711,good,3711,1
Sub-3712,good,3712,1
Sub-3713,bad,3713,0
Sub-3714,good,3714,1
Sub-3715,good,3715,1
Sub-3716,good,3716,1
Sub-3717,good,3717,1
Sub-3718,,3718,0
Sub-3719,good,3719,1
Sub-3720,bad,3720,0
Sub-3721,good,3721,1
Sub-3722,good,3722,1
Sub-3723,good,3723,1
Sub-3724,good,3724,1
Sub-3725,good,3725,1
Sub-3726,,3726,0
Sub-3727,good,3727,1
Sub-3728,,3728,0
Sub-3729,good,3729,1
Sub-3730,good,3730,1
Sub-3731,good,3731,1
Sub-3732,,3732,0
Sub-3733,,3733,0
Sub-3734,good,3734,1
Sub-3735,good,3735,1
Sub-3736,good,3736,1
Sub-3737,good,3737,1
Sub-3738,good,3738,1
Sub-3739,,3739,0
Sub-3740,good,3740,1
Sub-3741,good,3741,1
Sub-3742,good,3742,1
Sub-3743,bad,3743,0
Sub-3744,good,3744,1
Sub-3745,good,3745,1
Sub-3746,,3746,0
Sub-3747,good,3747,1
Sub-3748,,3748,0
Sub-3749,,3749,0
Sub-3750,,3750,0
Sub-3751,,3751,0
Sub-3752,good,3752,1
Sub-3753,good,3753,1
Sub-3754,good,3754,1
Sub-3755,good,3755,1
Sub-3756,good,3756,1
Sub-3757,good,3757,1
Sub-3758,good,3758,1
Sub-3759,,3759,0
Sub-3760,bad,3760,0
Sub-3761,,3761,0
Sub-3762,good,3762,1
Sub-3763,good,3763,1
Sub-3764,bad,3764,0
Sub-3765,,3765,0
Sub-3766,good,3766,1
Sub-3767,,3767,0
Sub-3768,good,3768,1
Sub-3769,,3769,0
Sub-3770,,3770,0
Sub-3771,good,3771,1
Sub-3772,bad,3772,0
Sub-3773,,3773,0
Sub-3774,,3774,0
Sub-3775,good,3775,1
Sub-3776,good,3776,1
Sub-3777,,3777,0
Sub-3778,good,3778,1
Sub-3779,,3779,0
Sub-3780,,3780,0
Sub-3781,,3781,0
Sub-3782,bad,3782,0
Sub-3783,,3783,0
Sub-3784,bad,3784,0
Sub-3785,,3785,0
Sub-3786,,3786,0
Sub-3787,good,3787,1
Sub-3788,good,3788,1
Sub-3789,good,3789,1
Sub-3790,,3790,0
Sub-3791,good,3791,1
Sub-3792,,3792,0
Sub-3793,good,3793,1
Sub-3794,good,3794,1
Sub-3795,,3795,0
Sub-3796,good,3796,1
